"asin","title","imgUrl","stars","reviews","price","category_id"
"B0BWNC2DS7","Women Large Puffer Tote Bag Quilted Top-Handle Shoulder Bag Soft Down Cotton Padded Tote Handbag with Zippers","https://m.media-amazon.com/images/I/41icW3sMGyL._AC_UL320_.jpg","4.5","10","39.99","108"
"B0BRL81FZ3","19 Pockets Large Utility Tote Bag Teacher Tote Bag for Women","https://m.media-amazon.com/images/I/61VeEoZJ1mL._AC_UL320_.jpg","3.9","52","25.99","108"
"B0B6R1YX9Z","Travel Weekender Bag Geometric Luminous Overnight Duffle Carry On Tote for Women Ladies","https://m.media-amazon.com/images/I/816eXzlEoIL._AC_UL320_.jpg","4.7","805","37.99","108"
"B09CDQS979","Tote Bag Harry Potter Hogwarts - Cotton Reusable Travel Tote - Halloween Trick-or-Treat Bag - Let The Magic Begin","https://m.media-amazon.com/images/I/71CBC-XDwUL._AC_UL320_.jpg","4.4","42","19.99","108"
"B0BF9TG7CT","Suitcase Wheels Replacement 360 Spinner Luggage Travel Wheel Kits Double Accessories Universal Rubber Swivel Trolley Casters Bearings Repair Tools Set Rotating Flexible Quietness (2pcs (55x15mm))","https://m.media-amazon.com/images/I/71QteovqipL._AC_UL320_.jpg","4.1","17","17.39","108"
"B07DD3RZDN","New Premium Carry On Luggage Spinner - Super Light Weight, Maximum Capacity - The Carry On, Re-Imagined (Carry On, Navy)","https://m.media-amazon.com/images/I/71lEHEK4UxL._AC_UL320_.jpg","3.8","119","139.0","108"
"B0B8YHCK2B","BABY BOGG BAG Small Waterproof Washable Tote for Beach Boat 15x13x5.25 ( Green Apple)","https://m.media-amazon.com/images/I/31YDpVvhU2L._AC_UL320_.jpg","5.0","22","113.8","108"
"B0C1GNKVH5","Canvas Tote Bag Women Satchel Bag with Zipper Tote Handbag Women Crossbody Bag Hobo Bag Daily Working Handbag","https://m.media-amazon.com/images/I/81qXJdTULeL._AC_UL320_.jpg","4.6","44","23.99","108"
"B00RXW8CVC","Kids Ride-On Suitcase & Toddler Carry-On Airplane Luggage: Bernard Bee Yellow","https://m.media-amazon.com/images/I/710ENQ7NRQL._AC_UL320_.jpg","4.5","158","74.99","108"
"B0C7KZBLFP","Luggage Nomad Rolling Hardside Spinner Suitcase with Wheels for Women and Men, Lightweight Travel Hard Shell Roller, Ultra Strong and Durable, Premium Polycarbonate, Powder, Medium","https://m.media-amazon.com/images/I/71veiTJvuUL._AC_UL320_.jpg","4.2","12","99.49","108"
"B01NAYR7EA","ARIAT Unisex Team Garment Bag Blue Size One Size","https://m.media-amazon.com/images/I/61p7cCuThhL._AC_UL320_.jpg","4.7","6","119.95","108"
"B0C53M1WXG","Beach Bag, Jelly Beach Bags Plastic Purse Reusable Tote Bag Flower Basket, Gift Bag for Kids,Girls, Women","https://m.media-amazon.com/images/I/71FTxUHNgaL._AC_UL320_.jpg","4.2","6","43.99","108"
"B0C8J5KWX2","Clear Tote Bag for Women Stylish Handbag with Zipper Closure Perfect for Travel, Beach, or Everyday Use","https://m.media-amazon.com/images/I/71aXivoLFTL._AC_UL320_.jpg","4.4","76","26.99","108"
"B013FE7WI0","New York Rainbow Luggage Collection - 24 Inch (ABS+PC) Hardside Mid-size Checked Suitcase - Durable Lightweight Bag with 8-Rolling Spinner Wheels (Rainbow Lavender)…","https://m.media-amazon.com/images/I/713ZMhdfKJL._AC_UL320_.jpg","4.4","97","99.99","108"
"B09NYN3WGM","Jodie Medium Carry All Travel Womens Tote","https://m.media-amazon.com/images/I/51ah42QqovL._AC_UL320_.jpg","4.0","97","107.9","108"
"B09M5PVHGB","Women's Luggage Alana 21"" Hardside Carry-On, Pink Marble","https://m.media-amazon.com/images/I/61XeKCsGIwL._AC_UL320_.jpg","4.3","22","92.02","108"
"B0CB4BY7G4","The Tote Bag for Women, Mesh Beach Tote Bag with Zipper Top Handle Crossbody Handbags for Summer Vacation","https://m.media-amazon.com/images/I/61DfRxUdL6L._AC_UL320_.jpg","4.4","45","33.99","108"
"B07FHYL7MH","Black Tartan Tuxedo Garment Travel Bags 3 Pack With ID Tag Window - 48"" X 24""","https://m.media-amazon.com/images/I/71o7ZWsAYmL._AC_UL320_.jpg","4.8","26","19.88","108"
"B0C1GSQDNJ","Luggage Sets with TSA Approved 3 Set, Lightweight Hard Shell Travel Large Rolling Checked Suitcases with Spinner Wheels (20/24/28), BLUE","https://m.media-amazon.com/images/I/81Qirw0CPeL._AC_UL320_.jpg","4.3","52","139.99","108"
"B07366VB2G","Chicago Hardside Expandable Spinner Luggage, Black, 2-Piece Set (20/28)","https://m.media-amazon.com/images/I/A10bu28EgnL._AC_UL320_.jpg","4.2","162","104.56","108"
"B08ZSVZK66","II-217BG Collapsible Luggage Burgundy, 14 x 8 x 20","https://m.media-amazon.com/images/I/81OUV55jMxL._AC_UL320_.jpg","4.4","8","44.95","108"
"B00P4J5MLO","Luggage Wheel Set - 76x24mm Wheel Size","https://m.media-amazon.com/images/I/31EGBFanBOL._AC_UL320_.jpg","4.4","115","20.0","108"
"B07NTSC9XJ","Travel Tote, Keith Haring's Andy Mouse","https://m.media-amazon.com/images/I/61VZ+mDCA6L._AC_UL320_.jpg","4.5","59","14.99","108"
"B0912G17L1","CV-Venture Zip Around Tote - Turtle","https://m.media-amazon.com/images/I/51a9rJwmyuL._AC_UL320_.jpg","4.8","13","65.0","108"
"B0C51FW2P1","Women's Carryall Tote Bag","https://m.media-amazon.com/images/I/81O7VIjSunL._AC_UL320_.jpg","4.5","176","120.0","108"
"B09PH1HNZM","Ride On Suitcase for Kids 20"" Fashionable Unisex Kid Rolling Carry On Luggage with 4 Universal Wheels and Password Lock Recommended Age 2-8 Years Old Load Bearing 110LB (Blue)","https://m.media-amazon.com/images/I/61O7jiVaAIL._AC_UL320_.jpg","4.5","10","179.0","108"
"B0BGBQ41H2","Garment Bag Carry on Garment Duffel Bag for Business Men - 2 in 1 Hanging Suitcase Suit Travel Bags","https://m.media-amazon.com/images/I/81uBVLw4lML._AC_UL320_.jpg","4.4","199","27.0","108"
"B014P2IGTA","Femitu 2 Set Luggage Suitcase Replacement Wheels Axles Wrench Deluxe Repair 70x24mm,","https://m.media-amazon.com/images/I/61dIrRMTe8L._AC_UL320_.jpg","4.3","254","15.99","108"
"B0CBYCD5H9","Rubber Beach Bag Accessories Charms,Rubber Beach Totes Accessories Inserts,Daisy Flower Bag Charms","https://m.media-amazon.com/images/I/61yX7G84hfL._AC_UL320_.jpg","4.6","45","9.99","108"
"B00LBH2L4Y","Silver Stripes 5-Piece Spinner Luggage Set, Silver, One Size","https://m.media-amazon.com/images/I/A1y-rW3URXL._AC_UL320_.jpg","4.4","20","301.09","108"
"1494475227","Viking: Dress Clothing Garment","https://m.media-amazon.com/images/I/71IyhqSfphL._AC_UL320_.jpg","4.5","76","59.0","108"
"B07V2JWQ89","Freud-Diablo 3/8 X 12 SNAP Lock, Multicolor, DHS375XT12","https://m.media-amazon.com/images/I/41t4wB82cLL._AC_UL320_.jpg","4.7","105","18.49","108"
"B0B9BKCW1P","Carry on Garment Bags for Travel, Convertible Garment Duffel Bag with Shoulder Strap for Men Women- 2 in 1 Hanging Suitcase Suit Travel Bags, Glitter Blue","https://m.media-amazon.com/images/I/91QyTLgMGlL._AC_UL320_.jpg","4.6","92","52.99","108"
"B09N8JZXV5","20 Inches Carry On Luggage, Under Seat Hard Shell Trolley Case With 4 Spinner Wheels For Easily Boarding, Small Suitcase Made Of PC+ABS Material & TSA Lock For Business,Travel,School (Yellow)","https://m.media-amazon.com/images/I/61DcrflpyHL._AC_UL320_.jpg","4.6","21","79.99","108"
"B0788M2K4P","Unisex-Adult Duffle Bag","https://m.media-amazon.com/images/I/912uymK1hhL._AC_UL320_.jpg","4.6","147","90.14","108"
"B0BWSG4648","Women's Tote Bags","https://m.media-amazon.com/images/I/61vp0nyrOtL._AC_UL320_.jpg","4.8","300","74.99","108"
"B06XKBC1HN","Vision Hardside Spinner Wheel Luggage, Night Owl, Carry-On 20-Inch","https://m.media-amazon.com/images/I/71KG8EfWAQL._AC_UL320_.jpg","4.8","81","75.37","108"
"B0BHSW7W9T","Carryall Tote","https://m.media-amazon.com/images/I/613096cB5DL._AC_UL320_.jpg","4.6","73","60.08","108"
"B0B75RX8C4","Metro Tote Bag","https://m.media-amazon.com/images/I/81T0rSylnGL._AC_UL320_.jpg","4.7","43","71.1","108"
"B0853ZG3WT","Spira Weekender Bag","https://m.media-amazon.com/images/I/61cNIST8eDL._AC_UL320_.jpg","4.4","17","199.0","108"
"B0B3T2Z5FJ","Women Travel Garment Bag, 60'' Dress Bag for Gowns Long, Extra Long Wedding Dress Garment Bag, Garment Bags for Travel and Hanging Clothes, Suit Bags for Men Travel, Carry On Garment Bag","https://m.media-amazon.com/images/I/61yFQwFfuwL._AC_UL320_.jpg","3.5","13","21.49","108"
"B09R3VCGZC","Shoreman Tote Bag","https://m.media-amazon.com/images/I/71ux7jSdCLL._AC_UL320_.jpg","4.0","10","49.99","108"
"B0BW4NH8KD","Deluxe Travel Garment Bag, Black-B1 LAV, 60-Inch","https://m.media-amazon.com/images/I/912YTQyb1fL._AC_UL320_.jpg","4.8","8","64.99","108"
"B06XK3HGZT","Barcelona Hardside 9-Piece Travel Gear Luggage Set, Black, 3 (22/24/28)","https://m.media-amazon.com/images/I/919if663xdL._AC_UL320_.jpg","3.8","35","174.99","108"
"B0BCFBXPHL","Large Capacity Travel Luggage Bag, Women's Tote Bag to Carry Airplane Fits Under Seat, Men's Short Business Carry-on Sports Gym Dry and Wet Separation Bag（Elegant Coffee）, (XL0830)","https://m.media-amazon.com/images/I/61wpVpNnYcL._AC_UL320_.jpg","4.5","10","14.88","108"
"B07M684T6C","Ju-Ju-Be Be Light Snow Queen","https://m.media-amazon.com/images/I/71A2d4IWV3L._AC_UL320_.jpg","5.0","9","26.95","108"
"B001GUFX78","Concourse Hardside Medium - Greyscale, One Size","https://m.media-amazon.com/images/I/91daFXSR4BL._AC_UL320_.jpg","4.3","86","141.0","108"
"B0B3BFY9MY","Classic Tote","https://m.media-amazon.com/images/I/81hSO8MJFUL._AC_UL320_.jpg","4.8","38","27.47","108"
"B07P8MGHF2","Unisex Large Travel Weekender Bag Overnight Duffle Bag Gym Tote Bag in Trolley Handle","https://m.media-amazon.com/images/I/61F+ZW8WzXL._AC_UL320_.jpg","4.6","329","23.98","108"
"B0BHCJ9TRT","Carry On Bag for Girls- Convertible Garment Duffel for Travel, Great as a Garment Bag for Dance Costumes, Cheer Uniforms, and Sports, with Shoe Pocket.","https://m.media-amazon.com/images/I/81+C64KtkVL._AC_UL320_.jpg","4.5","24","49.0","108"
"B00BCFVJ0W","Bodek And Rhodes 80279300 1100 Gemline Select Zippered Tote Black - One","https://m.media-amazon.com/images/I/7197YZacEmL._AC_UL320_.jpg","4.5","944","11.04","108"
"B097YDFD34","Womens Large Waterproof Tote Bag Shoulder Bag with Multi-pocket for Work Gym Pool and Daily Bags","https://m.media-amazon.com/images/I/51TM3B5HpOS._AC_UL320_.jpg","4.7","120","24.66","108"
"B01JNILGEI","Contour 3-Piece Hardside Spinner Luggage Set with TSA Lock, Yellow, One Size","https://m.media-amazon.com/images/I/61VQ3owm3xL._AC_UL320_.jpg","4.6","139","182.18","108"
"B01M59OY1X","Clear Garment Bag with ID Pocket (Lavender)","https://m.media-amazon.com/images/I/81x0t7GK1pL._AC_UL320_.jpg","4.6","428","22.95","108"
"B09NPTKZ16","GinzaTravel 2 Piece luggage sets PC Hardside Lightweight Suitcase with 4 Universal Wheels TSA Lock Carry-on suitcase 20 26inch(White(Circle), 2-Piece Set(20/26))","https://m.media-amazon.com/images/I/71TgLmcjVEL._AC_UL320_.jpg","4.3","57","139.97","108"
"B09PD52ZRV","Rock and Roll Skeleton Skull Boho Hippie Pattern Travel Luggage Cover Suitcase Protector Elastic Baggage Covers with Washable Zipper Dustproof XL for 29-32 inch luggage","https://m.media-amazon.com/images/I/61pK6AkMVWL._AC_UL320_.jpg","4.1","13","28.96","108"
"B0B712TJKH","Amour Tote","https://m.media-amazon.com/images/I/71OSuR1j9ML._AC_UL320_.jpg","4.7","7","69.56","108"
"B08SM7Q92G","easyshoppingbag –Versatile shopper - In practical design to roll up","https://m.media-amazon.com/images/I/91KjsW6Li0L._AC_UL320_.jpg","4.7","92","39.95","108"
"B07H6QY138","Jujube March of Murlocs World of Warcraft Collection - Super Be Tote Bag","https://m.media-amazon.com/images/I/81lX+sKDZPL._AC_UL320_.jpg","4.7","12","38.95","108"
"B0788L8HXP","21” Carry On Ultra Lightweight Spinner Suitcase & Flight Bag Under Seat Shoulder Bag Set (Black)","https://m.media-amazon.com/images/I/911gfPLFXHL._AC_UL320_.jpg","3.8","79","99.99","108"
"B07KYSYQ8X","Women's Carissa 21"" Expandable Spinner Carry Tossed Black, One Size","https://m.media-amazon.com/images/I/71WuMNVt0IL._AC_UL320_.jpg","4.3","38","93.66","108"
"B0B9FQQLYB","Enliven 22"" Softside Carry-On 8 Wheel Semi Expander Spinner, Wistful Mauve","https://m.media-amazon.com/images/I/7197S0mWUeL._AC_UL320_.jpg","4.8","8","119.99","108"
"B0C1NF8J9D","Tote Bag for Women Crossbody Canvas Tote Bag Traveler Handbag Zipper Canvas Totes Shoulder Bag for Work","https://m.media-amazon.com/images/I/81S646OpAfL._AC_UL320_.jpg","4.6","24","22.89","108"
"B0C4T55TX7","Expandable Carry on Luggage, 2 Piece Suitcase Sets with USB Charging, YKK Zipper, Spinner Wheels Rolling Baggage, 20+26 Inch Suitcases for Business Travel (black, 2-Piece Set(20/26))","https://m.media-amazon.com/images/I/61kJrHthrLL._AC_UL320_.jpg","4.6","8","199.99","108"
"B071WR3XKH","Atomic Carry-On Rolling Suitcase, Hardside Travel Luggage with Spinner Wheels, 22 Inches, Pink","https://m.media-amazon.com/images/I/816mN1sU16L._AC_UL320_.jpg","4.3","27","79.99","108"
"B0CFPJMRDV","Mesh Swim Bag - One Shoulder Corded Strap swim bags for swimmers - Large swim backpack for all ages - multiple options available","https://m.media-amazon.com/images/I/61Jden27b2L._AC_UL320_.jpg","4.7","301","13.95","108"
"B08FL96YZ2","3D Little Whale Cute Children's Luggage Sit and Ride Trolley Case 18-inch Universal Wheel Travel Case for Boys and Girls","https://m.media-amazon.com/images/I/512W3IFL9GL._AC_UL320_.jpg","4.4","49","89.97","108"
"B099P7BLGD","28-Inch Rolling Duffle Bag, Black","https://m.media-amazon.com/images/I/814A32Qsk6S._AC_UL320_.jpg","4.2","5","43.06","108"
"B08Q5N63XS","Tallit and Tefillin Faux Leather Prayer Travel Tote Bag Rain Proof Carry Handle And shoulder strap","https://m.media-amazon.com/images/I/41YMIr7pH4S._AC_UL320_.jpg","4.9","30","29.99","108"
"B07JZK7HNH","2-Piece Carry-on Hardside Spinner Luggage Set-Paris Nights, One Size","https://m.media-amazon.com/images/I/91NdKM-QsML._AC_UL320_.jpg","4.5","162","114.99","108"
"B06Y62WPCD","Aerolite Expandable Lightweight Suitcase with TSA Lock, Available in 3-Piece Luggage Set/21-inch/25-inch/29-inch, Gray","https://m.media-amazon.com/images/I/81VOoOVjRLL._AC_UL320_.jpg","4.1","71","139.99","108"
"B0BXPJYJ6W","Manhattan 24L 40x30x20cm (16x12x8) (Grey Lavender)","https://m.media-amazon.com/images/I/61aZRKIgfAL._AC_UL320_.jpg","4.7","504","79.9","108"
"B075SXG375","Spandex Travel Luggage Protector Suitcase Cover Fit 26-28 Inch Luggage (L)","https://m.media-amazon.com/images/I/61YLXTCOlKL._AC_UL320_.jpg","4.3","191","18.99","108"
"B07HYPMNGD","Statement Upcycled Canvas & Cowhide Leather Travel Bag S-1270","https://m.media-amazon.com/images/I/61UbvUokn1L._AC_UL320_.jpg","4.5","13","112.0","108"
"B07SNG8B7Z","3 Piece Softside Luggage - Expandable Lightweight Suitcase Set Includes 15 Inch Under Seat Bag, 20 Inch Carry On & 28 Inch Checked Suitcase with Spinner Wheels (One Size, Paige Silver)","https://m.media-amazon.com/images/I/91z8FCHVMPL._AC_UL320_.jpg","4.4","54","269.99","108"
"B0B88311R7","Luggage Wheels Repalcement Trolley Case Pulley Wwheel Mute Universal Accessories Suitcase Wheels Caster for Luggage (2pcs (50x15mm))","https://m.media-amazon.com/images/I/61+iX+dBlAL._AC_UL320_.jpg","3.6","19","12.96","108"
"B07DRPJDJX","Hands Free your carry-on luggage - Anti theft.","https://m.media-amazon.com/images/I/61H+FlkdPTL._AC_UL320_.jpg","3.7","37","29.99","108"
"B0BLT51H4M","Women's Suitcase Spinner Wheels Hardside, Lilac, One Size","https://m.media-amazon.com/images/I/61QS3ZGA+OL._AC_UL320_.jpg","3.5","5","199.99","108"
"B0CB1B5YGG","Sustainable Woven Jute Tote Bag for Women - Spacious & Chic Handbag for Beach with Scarf Accents","https://m.media-amazon.com/images/I/61KuTH3P1ZL._AC_UL320_.jpg","3.5","5","69.0","108"
"B09QPJ9CGJ","Dragon Ball Z Kids Goku ABS Shell Collapsible Wheeled Luggage for boys","https://m.media-amazon.com/images/I/61gIvUPlTaL._AC_UL320_.jpg","4.0","16","56.99","108"
"B09MW1JSWS","Women's Bar Bag","https://m.media-amazon.com/images/I/71b7PynA1LL._AC_UL320_.jpg","4.4","42","148.0","108"
"B0C98GBSG9","Initial Tote Bag Makeup Bag for Women, Canvas Beach Tote with 2 Pockets, Sister Birthday Gift Ideas, Birthday Gifts for Wife, Bride Gift Bag Bridesmaid Gifts Mother of the Bride Gift Letter F","https://m.media-amazon.com/images/I/810aTYXkLKL._AC_UL320_.jpg","4.6","38","15.99","108"
"B079SGB577","Luggage Atlantic Ultra Lite Hardside Expandable Spinner, Jade Black, Carry-on","https://m.media-amazon.com/images/I/61LomDarGdL._AC_UL320_.jpg","4.2","14","99.99","108"
"B0853FYRH1","Pack of Two Canvas Tote Bag with Expandable Drawstring Closure","https://m.media-amazon.com/images/I/71JHMhWP5AL._AC_UL320_.jpg","4.7","6","12.99","108"
"B00195MB0W","SIBMY143 Sport Insert Bag Mystic Quilted Black W Rhinestones 89055900143","https://m.media-amazon.com/images/I/61XdmSnmuqL._AC_UL320_.jpg","4.3","27","65.0","108"
"B0C8WMZR38","Women's Performance Twill Vera Tote Bag","https://m.media-amazon.com/images/I/713XV6i3JeL._AC_UL320_.jpg","4.7","651","155.0","108"
"B007A2L85M","3 Pack Recycled Mexican Tote Purse Bag Falsa 13"" X 16"" Assorted","https://m.media-amazon.com/images/I/71VAmlXQI0L._AC_UL320_.jpg","4.7","41","14.99","108"
"163947014X","& Co. Hummingbirds Tote Bag","https://m.media-amazon.com/images/I/51Ji35T6WnL._AC_UL320_.jpg","5.0","5","22.44","108"
"B0BF657VYY","Garment Bags for Hanging Clothes Travel – Practical Hanging Travel Bag for Clothes – Protection Travel Hanging Bag for Men and Women – Classy Black Suit Cover with Shoe Pocket – 50 x 23.6-inch","https://m.media-amazon.com/images/I/51009chkTjL._AC_UL320_.jpg","4.3","36","9.59","108"
"B0BRSJYMC7","Trip, 2 Wheeled Rolling Duffel Bag, Travel Duffel Bags, Duffle Bag, Carry On Luggage for Women (Merlot)","https://m.media-amazon.com/images/I/71gtWzNszlL._AC_UL320_.jpg","4.0","8","147.0","108"
"B07DP4F43F","Raven 20L Chestnut One Size","https://m.media-amazon.com/images/I/71YOnuNFYUL._AC_UL320_.jpg","4.6","38","99.95","108"
"B07HDFSNDY","Nema Expandable Hardside Spinner Luggage w/TSA Lock, Available in 3-Piece Set/22-inch/25-inch/29-inch, Rose Gold","https://m.media-amazon.com/images/I/71eWjvaoW9L._AC_UL320_.jpg","4.1","71","169.36","108"
"B09Z6G6PG4","LARVENDER Aluminum Carry On Luggage Hard Shell Luggage Lightweight Metal Suitcases Zipperless Luggage with TSA Lock Fashion Suitcase with Spinner Wheels for Travel/Business( Sliver, 20 Inch )","https://m.media-amazon.com/images/I/61SG1eLErcL._AC_UL320_.jpg","4.5","33","199.99","108"
"B0C51FSMH8","4 Wheel Carry-On","https://m.media-amazon.com/images/I/71I316ZLFgL._AC_UL320_.jpg","5.0","7","225.0","108"
"B07CWNWW7L","Large Beach bag for Women Straw Beach Tote Bags Cotton Rope Handles Durable Lightweight with Large Capacity Bags","https://m.media-amazon.com/images/I/71hgRZZoYsL._AC_UL320_.jpg","4.0","362","21.99","108"
"B07KYX64M6","Castaway Designer Luggage - 4 Piece Softside Expandable Lightweight Spinner Suitcases- Travel Set includes Tote Bag, 20-Inch Carry on, 24 Inch and 28-Inch Suitcases (Light Blue)","https://m.media-amazon.com/images/I/910BGrx4eKL._AC_UL320_.jpg","4.5","17","339.99","108"
"B08BCG3SFL","Women's Genuine Leather, Character Printed Tote Bag with Solid Brown Cosmetic Pouch Combo Set (Clear, 12""x6""x12"")","https://m.media-amazon.com/images/I/716lsQpz+PL._AC_UL320_.jpg","3.8","13","59.98","108"
"B06ZY7N6ZY","3 Piece Softside Lightweight Luggage Spinner Set Black","https://m.media-amazon.com/images/I/71mBJjTA6CL._AC_UL320_.jpg","4.2","19","299.99","108"
"B0C8CDQR72","Beach Bag, Rubber X Large Tote Bag for Waterproof, Washable and Durable Open Handbag for Boat Pool Sports Gym","https://m.media-amazon.com/images/I/410j8+NwjEL._AC_UL320_.jpg","4.6","32","61.99","108"
"B000SRN7HS","Polka Softside Upright Luggage Set, Expandable, Lightweight, Black Dot, 4-Piece (14/19/24/28)","https://m.media-amazon.com/images/I/81XgIqMVQvL._AC_UL320_.jpg","4.3","1973","86.58","108"
"B0C3V6SCXM","Neoprene Tote Bags for Women - Water Resistant Neoprene Beach Bag with Small Purse & Keychains","https://m.media-amazon.com/images/I/61-Rep9sboL._AC_UL320_.jpg","4.4","47","29.99","108"
"B07X2D74C6","Premium Hanging Garment Bag, Carry on Garment Bag for Airline","https://m.media-amazon.com/images/I/71CXBp-F9tL._AC_UL320_.jpg","4.2","15","15.9","108"
"B0C6T566GW","Large Clear Tote Bags Heavy-duty Shoulder Bag Transparent Handbag Travel Beach Work Gym Stadium Approved Bags","https://m.media-amazon.com/images/I/71YfCVMJbSL._AC_UL320_.jpg","4.4","275","25.99","108"
"B082XJCWX9","Kids 3 Piece Luggage Travel Set, Ladybug","https://m.media-amazon.com/images/I/61fsfOxjtCL._AC_UL320_.jpg","4.7","28","35.0","108"
"B0C27QTB7C","Travel Tote Bag for Women Mens,Foldable Carry on Bag for Airplanes Overnight Bags Travel Bags for Women Weekender Duffle Bag Carry on Luggage with Trolley Sleeve Peacock Blue","https://m.media-amazon.com/images/I/61QovVxIrkL._AC_UL320_.jpg","4.0","26","19.99","108"
"B0BHYZWT2V","Personalized Initial Canvas Tote Bag Monogrammed ,Beach Bag,Gift for Women, Mom, Teachers, Friends, Bridesmaids","https://m.media-amazon.com/images/I/51pmxzsyXgL._AC_UL320_.jpg","4.8","45","14.77","108"
"B0B8H6DTYG","Travel Duffle Bags for Women , Large Carry On Bags for airplanes, Womens Weekender Overnight Bags, Tote Bag with Trolley Sleeve, Black","https://m.media-amazon.com/images/I/71cv+z+oRBL._AC_UL320_.jpg","4.4","48","11.99","108"
"B07MQW9NXG","Bubble Guppies Boys Girls Collapsible Nylon Gift Basket Bucket Tote Bag","https://m.media-amazon.com/images/I/71Mzh7omN7L._AC_UL320_.jpg","4.5","101","19.99","108"
"B0848GCKQL","Carry on Luggage | Suitcases with Wheels 22 Inch Airline Approved | Travel Small and medium Suitcase Underseat | Rolling suitcase spiners wheels | luggage with Hardsheell Yellow","https://m.media-amazon.com/images/I/41UG8grCyWL._AC_UL320_.jpg","4.5","45","119.0","108"
"B078K8PZKN","Tapestry Duffle Bag Overnight Bags Weekend Bag for Women with William Morris Golden Lily Design (TRAV-GLILY)","https://m.media-amazon.com/images/I/71E9NJrYm7L._AC_UL320_.jpg","4.5","28","40.99","108"
"B00L2M8FHA","4-Piece Christening Baptism Suspender Short Set - Black or White Cap Bowtie","https://m.media-amazon.com/images/I/51DFTVcotrL._AC_UL320_.jpg","4.5","33","38.99","108"
"B097Y63PXZ","Rustic Weekender Bag Upcycled Cotton & Leather S-2801","https://m.media-amazon.com/images/I/61JKr-WoKSS._AC_UL320_.jpg","4.3","13","60.0","108"
"B07Z6T5FVK","Women's 14 inch (39 cm-13 L), Blue (Midnight Blue)","https://m.media-amazon.com/images/I/71FKZ2J-RCL._AC_UL320_.jpg","4.9","19","197.78","108"
"B0BHBHQP2N","Waterproof Hanging Garment Bag 35 inch Clothes Bag with Gusset, 5 Pockets & Side Zip for Dance Costumes, Skating, Theatre, Beauty Pageants & More. Best for younger performers with small costume pieces.","https://m.media-amazon.com/images/I/719va9rx+ML._AC_UL320_.jpg","4.4","47","20.0","108"
"B08YS44HHL","Loungefly Pop Seinfeld 4 Piece Pin Set Exclusive, Multicolor","https://m.media-amazon.com/images/I/81WdB4yrOqL._AC_UL320_.jpg","4.4","32","14.05","108"
"B01LX5U4CD","Rolling Under Seat Tote Bag, Blue, One Size","https://m.media-amazon.com/images/I/81fOLzNjNDL._AC_UL320_.jpg","4.6","291","67.94","108"
"B0BSBX2XPR","Beach Bag and Pool Bag, XXL Extra Large Waterproof Sandproof Travel Tote Bag for Women, Zipper Closure, Inner Pockets","https://m.media-amazon.com/images/I/61Ax1NU4UmL._AC_UL320_.jpg","4.6","176","25.99","108"
"B0BH6F7Z33","Crossbody Tote Bag - Interchangeable Strap Shoulder Bag, w Interior & Exterior Pockets, Magnet Snap, 2 Handles","https://m.media-amazon.com/images/I/71pRB9G2I6L._AC_UL320_.jpg","4.0","23","59.99","108"
"B07MNJDX94","mini maxi touringbag - foldable compact travel bag with trolley slip-on function - water repellent fabric","https://m.media-amazon.com/images/I/71PtQz50uWL._AC_UL320_.jpg","3.7","60","29.71","108"
"B099P825KC","28-Inch Rolling Duffle Bag, Blue","https://m.media-amazon.com/images/I/81iEmkp2AgS._AC_UL320_.jpg","5.0","7","59.95","108"
"B01N3WB939","Lineate Softside Expandable Luggage with Spinner Wheels, Obsidian Black, Travel Tote","https://m.media-amazon.com/images/I/91a802oZewL._AC_UL320_.jpg","4.6","301","63.63","108"
"B07SBN3CBG","Aluminum Alloy Luggage Hard Shell Carry-Ons with Spinner Wheels, Zipperless & Lightweight Suitcases for Travel with Tsa Lock (20"", Silver)","https://m.media-amazon.com/images/I/61Pb-arYzbL._AC_UL320_.jpg","4.0","68","285.99","108"
"B09Y29M6P2","Naruto ABS Shell Collapsible Luggage For Boys","https://m.media-amazon.com/images/I/61rr2dYt6iL._AC_UL320_.jpg","4.2","27","56.99","108"
"B00NI02RAA","""Forgot to Have Children Tote Bag","https://m.media-amazon.com/images/I/513qI5T13SL._AC_UL320_.jpg","4.9","30","29.99","108"
"B0C61CFW25","Mesh Beach Tote, Large Capacity Beach Bags for Women Foldable Beach Tote Bag with Zipper Pocket","https://m.media-amazon.com/images/I/612WK7jqoNL._AC_UL320_.jpg","4.7","48","10.97","108"
"B0C9JBS1XP","Vintage Suitcase Set for Women, 3 Piece Retro Handcraft Leather Spinner Trunk Luggage with Cosmetic Handbag, 26""+20""+12"", Ivory","https://m.media-amazon.com/images/I/61Sur23lF2L._AC_UL320_.jpg","4.6","6","339.5","108"
"B004DPRTSE","Luggage Animal Print 5 Piece Set, Leopard, One Size","https://m.media-amazon.com/images/I/914aI0KYzIL._AC_UL320_.jpg","4.1","94","289.42","108"
"B09HRCRDPW","Scott's Corner Hardside Expandable 8-Wheel Spinner TSA Lock Travel Suitcase, KCNY Plaza Rose Gold, 3-Piece Set (20"", 24"", & 28"")","https://m.media-amazon.com/images/I/81oc5PrtKML._AC_UL320_.jpg","4.3","50","299.44","108"
"B0BY7XNDVV","Villains Gift Evil Queen Ursula Villains Quote Makeup Bag Sea Witch Gift Wizard Pouch Bag Villains Merchandise (Poor souls Tote)","https://m.media-amazon.com/images/I/61-cVPBW-pL._AC_UL320_.jpg","4.3","24","16.89","108"
"B0C7H5BMRP","Bogg Bag Sports Charms Accessories Decorative Insert Charms for Simply Southern Totes and Beach Bags, Rubber 3"" Baseball Sports Charm Accessories for Beach Totes","https://m.media-amazon.com/images/I/71AoKywcfIL._AC_UL320_.jpg","4.8","6","10.99","108"
"B07YLLTRFY","Carry on Luggage | Suitcases with Wheels 22 Inch Airline Approved | Travel Small and medium Suitcase | Rolling suitcase spiners wheels and TSA Lock | luggage with usb port","https://m.media-amazon.com/images/I/51Z6HaajtqL._AC_UL320_.jpg","4.0","204","140.0","108"
"B09VGLLP14","Retirement Gifts for Women - White Canvas Tote Bag with Pocket, Happy Retirement Gift for Coworker, Nurses, Mom, Teacher Appreciation Gift","https://m.media-amazon.com/images/I/71rl+9CTglL._AC_UL320_.jpg","4.7","52","11.99","108"
"B015ET6UWS","Big Zipper Bagg with RFID","https://m.media-amazon.com/images/I/A1g3YSURvgL._AC_UL320_.jpg","4.5","819","64.34","108"
"B0C5D664KC","3D Cartoon Children's Luggage Trolley Case 20 inch Boys and Girls Universal Wheeled Travel Case (Blue color)","https://m.media-amazon.com/images/I/51g1tG31VhL._AC_UL320_.jpg","4.8","8","89.97","108"
"B0BQYWRX8Z","Initial Canvas Beach Tote Bag - Personalized Monogram Tote Zipper Pocket Letter Bag Adjustable Strap Birthday Gift for Women","https://m.media-amazon.com/images/I/61Ki0CMTxEL._AC_UL320_.jpg","4.4","29","16.99","108"
"B07FN3B3WL","Wedding Dress Garment Bag - For Long Dresses and Gowns - 72” x 24”, 10” Gusset (Black, Purple & Green Rose Bag)","https://m.media-amazon.com/images/I/71G2CmO4+2L._AC_UL320_.jpg","4.6","510","16.89","108"
"B09P841JN5","PARTY BARGAINS 40 Inch Garment Bags Travel Storage Black Non Woven Fabric Clothes Cover 1 Count","https://m.media-amazon.com/images/I/911v8HZSg+L._AC_UL320_.jpg","4.4","60","7.99","108"
"B07KLZ2ZB5","Clear Bag, Large Tote Bag, Heavy Duty Clear Bag with Shoulder Straps and Adjustable Crossbody Strap (Pack of 2)","https://m.media-amazon.com/images/I/71qBSHvoVSL._AC_UL320_.jpg","4.4","381","19.99","108"
"B07KKLKY5S","Women's Lindsay 3-Piece Hardside Spinner Luggage Set, Silver Fuchsia, One Size","https://m.media-amazon.com/images/I/61rzd9PPVCL._AC_UL320_.jpg","4.1","21","253.23","108"
"B0BR4V44BW","Large Canvas Beach Tote Bag Waterproof Sandproof Summer Swim Cruise Essentials","https://m.media-amazon.com/images/I/81nt292EZgL._AC_UL320_.jpg","4.5","243","14.99","108"
"B0C7VV22KF","2-piece set 20inch and 24inch softside Expandable Luggage, 8 Wheel Spinner Suitcase, TSA Lock, Men and Women","https://m.media-amazon.com/images/I/71ZbMvgYYTL._AC_UL320_.jpg","4.7","6","169.97","108"
"B07SJRDDB4","Creative Brands Santa Barbara Design Studio Holiday Collection Waterproof Jute Tote Bag, Mini, Be Merry","https://m.media-amazon.com/images/I/81Fg5BJ5ODL._AC_UL320_.jpg","4.9","14","20.39","108"
"B002O01BJS","Whitmor Short Garment Bag/Closet , 62.25"" x 22.5""","https://m.media-amazon.com/images/I/71ZoMMl7ttL._AC_UL320_.jpg","3.5","130","11.99","108"
"B0CB819T4V","Neoprene Multipurpose Beach Bag,Gym/Travel/Pool Bag,Tote For Women&Men","https://m.media-amazon.com/images/I/91KPVqNglzL._AC_UL320_.jpg","4.6","800","23.99","108"
"B092JN23BZ","Officially Licensed I Heart New York Polyester Reusable Tote Bag","https://m.media-amazon.com/images/I/81aEMoT0JLL._AC_UL320_.jpg","5.0","10","15.56","108"
"B0BZYR887V","Balabuki Garment Bags for Travel with Handles and Clear Zipper Pockets for Storing and Hanging Suits, Dance Dresses, Dresses and Coats, 24"" × 43"", 3 Pack","https://m.media-amazon.com/images/I/71RyJi5NmHL._AC_UL320_.jpg","3.7","8","13.99","108"
"B07C83ZG41","[Set Of 2] Clear Bag Stadium Approved with Handles And Zipper - 12 inch x 12 inch x 6 inch","https://m.media-amazon.com/images/I/81MnvkKRTaL._AC_UL320_.jpg","4.5","121","15.99","108"
"B07GVPH9W4","Literary and Book-Themed Canvas Tote Carrying Bag for Book Lovers, Readers, and Bibliophiles","https://m.media-amazon.com/images/I/61UAda+ewEL._AC_UL320_.jpg","4.9","1440","29.99","108"
"B07VX9RZL3","Evercat Equinox Carrysack Black Combo One Size","https://m.media-amazon.com/images/I/81GElqz+ZlL._AC_UL320_.jpg","4.6","7","22.55","108"
"B0C4NW78K4","Embroidery Jute Tote Bag with Makeup Bag - Personalized Birthday Gifts for Women, Mom, Teacher, Friends and Her","https://m.media-amazon.com/images/I/81kS4Kr+GeL._AC_UL320_.jpg","4.7","12","22.99","108"
"B077FN81V9","WILD Collection Bags","https://m.media-amazon.com/images/I/61GyFFgXdhL._AC_UL320_.jpg","4.7","43","9.99","108"
"B09PK6FVXJ","Diamond Stripe Book Tote","https://m.media-amazon.com/images/I/81yNHrKsUgL._AC_UL320_.jpg","4.3","7","39.99","108"
"B00XRET5MU","Reusbale Nomad Shoulder Tote | Large Capacity Zippered Reusable Tote Bag | Eco Friendly","https://m.media-amazon.com/images/I/91Ae-slZslL._AC_UL320_.jpg","4.0","17","29.99","108"
"B09S636XM7","4Pack Resuable Colorful Fabric Shopping Bag,Gift Tote Bag With Plastic Snaps For Beach,Grocery","https://m.media-amazon.com/images/I/817UhVUvcnL._AC_UL320_.jpg","4.5","39","14.89","108"
"B0C88YR9PL","Clear Bag Stadium Approved, Large Clear Beach Bag Sandproof Clear Tote Bag for Women, Clear Shoulder Handbag for Beach Travel","https://m.media-amazon.com/images/I/71A0P7mKLOL._AC_UL320_.jpg","4.3","34","10.99","108"
"B00EB9AEYI","Large Open Multi-Purpose Tote, Saddle, One Size","https://m.media-amazon.com/images/I/818uIKnWZmL._AC_UL320_.jpg","3.6","17","109.2","108"
"B07JZPDJWJ","Carry-on Under the Seat Shoulder Suitcase Luggage Bag (Black)","https://m.media-amazon.com/images/I/91uJF9WnABL._AC_UL320_.jpg","4.2","155","34.99","108"
"B08BTLW87Q","shopper e1 - Large capacity and expandable bag made of water repellent and recycled polyester fabric","https://m.media-amazon.com/images/I/912Kvrax5mL._AC_UL320_.jpg","4.7","243","44.95","108"
"B09J1L6CJZ","Black Garment Bag 60 Inch Suit Dress Cover for with with a Transparent Clear Panel for Easy Viewing","https://m.media-amazon.com/images/I/71R13F5v9VL._AC_UL320_.jpg","4.8","5","9.99","108"
"B073L1VX5Q","Striped Tote","https://m.media-amazon.com/images/I/71aoA+UcpHL._AC_UL320_.jpg","5.0","11","34.5","108"
"B08Z291HKV","Our Lady Virgen de Guadalupe Virgin Mary Tote Bag and Matching Accessory Bag","https://m.media-amazon.com/images/I/81A9BlKHY3L._AC_UL320_.jpg","4.2","23","14.99","108"
"B097CQCJNL","Suki Hardside Spinner Carry On Luggage 21"", Light Grey/Neon","https://m.media-amazon.com/images/I/81d33CYwb7S._AC_UL320_.jpg","3.9","5","78.5","108"
"B084D7BHMT","Nurse Mint NGIL Medium Canvas Tote Bag","https://m.media-amazon.com/images/I/51Q+7Q2xBML._AC_UL320_.jpg","4.4","67","26.8","108"
"B00AA2YR0C","Sedona 100% Polycarbonate Hardside Expandable 8-Wheeled Spinner Travel Suitcase Luggage w/TSA Lock, Black, 2-Piece Set (22/26)","https://m.media-amazon.com/images/I/61+B+sjdlpL._AC_UL320_.jpg","4.3","5","207.5","108"
"B0B1TYJ68B","Travel Duffel Bag Large Weekender Expanding Canvas Bag Travel Duffle for Women Men Overnight Carry On Tote and Luggage Sleeve- Gray","https://m.media-amazon.com/images/I/81FtU7O-wML._AC_UL320_.jpg","4.7","65","43.99","108"
"B09GG4W7Q4","Kids Luggage,Large 18 Inch Carry on Suitcase with Wheels for Travel,19.8L Rolling Luggage for Toddler Boys and Girls VONXURY","https://m.media-amazon.com/images/I/61vGmfwEpLL._AC_UL320_.jpg","4.7","23","59.89","108"
"B0BB5RCVL4","Metallic 25"" Upright Luggage","https://m.media-amazon.com/images/I/618vCbinlOL._AC_UL320_.jpg","4.0","6","119.59","108"
"B075DF9CMP","Kindle Tote Bag","https://m.media-amazon.com/images/I/91NRaSCwInL._AC_UL320_.jpg","4.3","137","23.87","108"
"B0BMWQFD2T","TOPEAST Initial Tote Bag for Women - Jute Travel Beach Tote with Canvas Front Pocket and Adjustable Strap, Teacher Appreciation Gifts Personalized Birthday Gifts for Friends Female Bridesmaid Gifts, J","https://m.media-amazon.com/images/I/71VOq8WEMsL._AC_UL320_.jpg","4.7","91","15.99","108"
"B0BR5GV747","Logo Shopper Tote with Horsebit","https://m.media-amazon.com/images/I/91n31e7wk5L._AC_UL320_.jpg","5.0","10","51.0","108"
"B00L7RV29I","Killer Whale Bag, Black/White, One Size","https://m.media-amazon.com/images/I/71ewsM4RBUL._AC_UL320_.jpg","4.0","26","32.2","108"
"B0C4NXQXDK","Personalized Canvas Tote Bag with Zipper for Women, Teachers Day Appreciation Gifts, Birthday Gifts for Women","https://m.media-amazon.com/images/I/71kEWbkvVyL._AC_UL320_.jpg","4.7","180","19.99","108"
"B000T7Q93G","Canvas Double Ender Sports Bag","https://m.media-amazon.com/images/I/713AqMeHZ9L._AC_UL320_.jpg","4.1","48","47.99","108"
"B09DNPZBL2","Denali S Expandable Carry On Suitcase with Double Spinner Wheels, Hardside Luggage, (20-Inch) Navy","https://m.media-amazon.com/images/I/8122qTKE1NL._AC_UL320_.jpg","4.1","214","89.99","108"
"B08R6993T9","Waterproof Beach Bag - Weekend Overnight Tote - Large and Lightweight","https://m.media-amazon.com/images/I/71F8ipprW4L._AC_UL320_.jpg","4.6","1679","19.95","108"
"B09YTDL1LH","2 piece Luggage Sets,Expandable Hardside Suitcase with Spinner Wheels Luggage for Travel,TSA Approved (20/24/28-Inch,Blue)","https://m.media-amazon.com/images/I/816e52M25wL._AC_UL320_.jpg","4.3","99","229.99","108"
"B0BMY9YM56","18 Inch Kids Travel Bag Rolling Luggage,Toddler Child Suitcase for Boys, Kids Carry-on Luggage with Wheels for Girls,Unicorn Suitcase","https://m.media-amazon.com/images/I/71sHvOC5GXL._AC_UL320_.jpg","4.5","32","59.99","108"
"B01AIX8D8E","Dream 3-Piece Hardside Lightweight Upright Spinner Luggage Set, One Size","https://m.media-amazon.com/images/I/91LPjhxhmQL._AC_UL320_.jpg","5.0","5","213.15","108"
"B0C2YF2YTF","Cat Throwing Dice DnD Dungeon Master Bag of Holding Zipper Pouch Gamer Dice Bag (Dragons Card tote)","https://m.media-amazon.com/images/I/51DLaxOljdL._AC_UL320_.jpg","4.5","5","15.89","108"
"B01N4X0XSY","Impact Hardside 3-Piece Spinner Luggage Set, Champagne, One Size","https://m.media-amazon.com/images/I/71i280M7hSL._AC_UL320_.jpg","3.6","20","157.59","108"
"B0CG91GLC1","Large Beach Bags for Women Waterproof Sandproof Travel Tote Handbags Vintage Route 66 Style Shoulder Purse","https://m.media-amazon.com/images/I/71QQ1IPtq+L._AC_UL320_.jpg","4.6","6","19.99","108"
"B0C1YJM6JK","Beach Bag for Women, Large Waterproof Sandproof Fold-able Packable Pool Tote Bag w Zipper/Pockets","https://m.media-amazon.com/images/I/61Yt5GHJw9L._AC_UL320_.jpg","4.7","157","23.99","108"
"B007HSHESE","NICI Guardian Angel 'I'll Bring You Good Luck' Keyholder (Green)","https://m.media-amazon.com/images/I/71RoUsoRTUL._AC_UL320_.jpg","4.7","1878","25.27","108"
"B0C5V6XGH7","Canvas Tote Bag for Women with Zipper,Lady Tote Bag Canvas Tote Purse Canvas Handbag for Work Travel","https://m.media-amazon.com/images/I/618wlXZVpzL._AC_UL320_.jpg","4.5","14","20.49","108"
"B081JWLWT9","4PC 18-28 Inch Hardshell Luggage ABS Luggages Sets With Spinner Wheels Hard Shell Spinner Carry On Suitcase (Rose Gold, 4 PCS)","https://m.media-amazon.com/images/I/61TKdwxmTzL._AC_UL320_.jpg","4.4","1214","139.95","108"
"B000ZLUG6M","Ultimate Nursing Bag","https://m.media-amazon.com/images/I/910BX-BSj4L._AC_UL320_.jpg","4.7","2117","55.43","108"
"B07VY7P7TD","Evening or Wedding Dress Garment Bag-Bridal Dress Cover Perfect for Storage & Travel Easy Access with 3 Zip Pockets for Accessories including Free Shoe Bag 69X28 Inches with 7 inch Gusset","https://m.media-amazon.com/images/I/611JhyAw7CL._AC_UL320_.jpg","4.5","170","26.5","108"
"B07DWMHH8L","Comp Diamond Long Sleeve Crew","https://m.media-amazon.com/images/I/81tjGbhuJRL._AC_UL320_.jpg","4.4","179","30.0","108"
"B00FZYIMWE","Packable Tote Bag","https://m.media-amazon.com/images/I/81aNcjauT+L._AC_UL320_.jpg","4.1","62","16.95","108"
"B07QFY8MDB","Caramel Pocket Upcycled Canvas & Cowhide Tote Bag S-1428","https://m.media-amazon.com/images/I/61rYPS4rL9L._AC_UL320_.jpg","4.5","49","100.0","108"
"B09B3NMTPH","Work to Sport Gym Bag Women Travel Duffle Weekender Bag (Opal Grey)","https://m.media-amazon.com/images/I/71JNfqbrHWL._AC_UL320_.jpg","4.4","598","29.99","108"
"B085HZH8V3","Aunties Two Katahdin Tote Pattern","https://m.media-amazon.com/images/I/711fOZmmTIL._AC_UL320_.jpg","4.9","8","21.55","108"
"B09MHWZX1Y","CNA Gift Bags Certified Nursing Assistant Gifts Makeup Bag CNA Student Gifts Nursing Cosmetic Bag Zipper Pouch Who Lives To Heal And Love To Encourage (CNA Nurse Gifts Bag Black)","https://m.media-amazon.com/images/I/71055o5BPRL._AC_UL320_.jpg","4.7","79","12.99","108"
"B09284Y4DK","6-Pack Black Garment Bags with Zippers and Windows, Clothes Bags for Closet Storage and Travel (24x60 in)","https://m.media-amazon.com/images/I/61Usw--gUTL._AC_UL320_.jpg","4.7","5","21.99","108"
"B0C7M7R7GG","Travel Duffle Bag for Women, Carry on Weekender Bag, Gym Tote Overnight Bag, Personal Item Duffle Bag with Trolley Sleeve for Travel, Mommy Hospital Bag","https://m.media-amazon.com/images/I/61EWhoD1HDL._AC_UL320_.jpg","4.8","61","26.99","108"
"B0CBMD5J5H","Vessia Throw Blanket Checkerboard Rainbow(50x70inch), Colorful Chessboard Flannel Blanket for Couch,Bed,Sofa, 300GSM Soft Cozy Comfy Warm Checkered Blanket Home Decor for All Season","https://m.media-amazon.com/images/I/71sv6IGyKYL._AC_UL320_.jpg","4.7","1533","16.99","108"
"B084MRF3T7","Egoa Travel Duffel Bag Made from 100% Recycled Materials, Light Gray, 18 Inch","https://m.media-amazon.com/images/I/91YXdsl6sZL._AC_UL320_.jpg","4.4","7","73.85","108"
"B0CBBYN52G","Crochet Tote Bag Aesthetic Mesh Beach Bags for Women","https://m.media-amazon.com/images/I/81XuMgz8KgL._AC_UL320_.jpg","4.3","34","15.99","108"
"B09PCBLT4R","Printed Tote, Skye isle Snake/Anne White/Skye isle","https://m.media-amazon.com/images/I/91YeQhHLzCL._AC_UL320_.jpg","3.7","8","52.82","108"
"B0B47LYCTL","Disney Mickey Mouse 29 Inch Rolling Luggage, Molded Hardshell Suitcase with Wheels, Rose Gold","https://m.media-amazon.com/images/I/71NW1NzkWeL._AC_UL320_.jpg","5.0","10","199.99","108"
"B0C3QTVQ7H","Initial Tote Bag - Natural Jute Large 13OZ Utility Personalized Canva Tote Bag Monogrammed Gift for Women","https://m.media-amazon.com/images/I/81hfwj97TFL._AC_UL320_.jpg","4.5","44","11.99","108"
"B08FWGQD6K","Freedom Pups Hardside 20-Inch Carry-On Expandable Spinner Luggage","https://m.media-amazon.com/images/I/61bnrAO6yML._AC_UL320_.jpg","4.8","7","73.79","108"
"B08HG496WL","Rover 3-Piece Spinner Expandable Luggage Set, Royal Blue","https://m.media-amazon.com/images/I/816IBfiXLgL._AC_UL320_.jpg","4.0","7","138.0","108"
"B09VKTNDJ5","Frozen II Elsa Small Cute Arendelle Handbag - Travel Anime Purse Tote Bag for Little Girls with Multi-Storage and Detachable Shoulder Strap","https://m.media-amazon.com/images/I/81Qb54h0dJL._AC_UL320_.jpg","4.4","6","26.9","108"
"B013H2E3J6","Stephen Joseph, Beach Tote with Sand Toys - Toddler and Baby Beach Toys, Travel Friendly Beach Set, 6 Piece Beach Play Set, Beach Bag with Sand Toys for Toddlers and Kids, Mermaid Large","https://m.media-amazon.com/images/I/81rXlAzMxZL._AC_UL320_.jpg","4.7","82","28.78","108"
"B06XYP9QXL","Roller Case, Black (Nero), 79 cm","https://m.media-amazon.com/images/I/41412JT1C8L._AC_UL320_.jpg","4.6","171","236.96","108"
"B0B3XLHTJP","Chenille Letter Clear Pouch for Travel,Nylon Clear Cosmetic Bag,Monogram Clear Bag,Makeup Travel Bag for Women Girls(BaseballStuff)","https://m.media-amazon.com/images/I/91ydl7Jb+SL._AC_UL320_.jpg","4.1","78","9.99","108"
"B004GNUKWK","Grey Harry Potter Undesirable Tote Bag","https://m.media-amazon.com/images/I/71Rb3KJ9w+L._AC_UL320_.jpg","4.1","72","18.0","108"
"B01MYPWU8L","Meta-U Time-Saver Garment Colored Blank Hanger Size Marker - Personalized Your Information Snap On Hanger Tag - Customer and Staff Can Quickly Identify Marker's Info in Store (Orange - 100Pcs)","https://m.media-amazon.com/images/I/51qWtDe2PxL._AC_UL320_.jpg","4.4","123","7.99","108"
"B09GW6YX1S","Disney Parks 50th Anniversary Reusable Bag - Small Size, Blue","https://m.media-amazon.com/images/I/61mTlxIq7vL._AC_UL320_.jpg","4.9","19","7.19","108"
"B095ZYX4Q4","Yourtablecloth Buffalo Plaid Checkered Table Runner - Washable Reusable Table Accent Perfect for Any Occasion Indoors or Outdoors Cabin Plaid 14 x 72","https://m.media-amazon.com/images/I/61lw7O1850L._AC_UL320_.jpg","4.7","3781","11.99","108"
"B0C1S4D3KB","National Parks Tote Bag US National Parks Bag Camping Hiking Lover Gift Hiker Gift Camper Gift","https://m.media-amazon.com/images/I/71+Bkd7+p3L._AC_UL320_.jpg","4.6","6","16.89","108"
"B07ZMFCG8F","Dance Garment Bag For Costumes-Girls Unicorn Bag White Cover with 3 Large pockets at front BE UNIQUE UNICORN LOGO Strong Sturdy Zip at Back Great for Storage & Traveling 47x27 inches","https://m.media-amazon.com/images/I/61Klyw31x9L._AC_UL320_.jpg","4.6","177","25.5","108"
"B0C5VPCVK8","Expandable ABS Hardshell Luggage Sets 3 Piece Suitcase with Spinner Wheels Suit Case Lightweight, Black/Brown, 20/24/28 Inch","https://m.media-amazon.com/images/I/810aH4gAVWL._AC_UL320_.jpg","5.0","5","139.96","108"
"B096RV6XKM","Luggage Suitcase Wheels Replacement Kits 80mm x 24mm Universal Rubber Swivel Two Conner Angle Wheel Trolley Casters Bearings Tools Carry-On Garment Bag Hard Case Repair Set Quietness Durable","https://m.media-amazon.com/images/I/7129EWiOxrS._AC_UL320_.jpg","4.1","19","19.99","108"
"B0C9N413X3","Small Utility Tote","https://m.media-amazon.com/images/I/612oYngVH8L._AC_UL320_.jpg","4.6","63","24.87","108"
"B0BJPYKY13","Luggage Sets,Lightweight Hard Shell Suitcase Set with Spinner Wheels,Hardside Luggage 8-Piece Set with TSA Lock (GREY, 20/24 INCH)","https://m.media-amazon.com/images/I/61ApqYOsisL._AC_UL320_.jpg","5.0","5","120.0","108"
"B09XLDGFL3","Extra Large Beach Bags for Women Waterproof Beach Bags and Totes With Zipper Travel Daily Tote Bag","https://m.media-amazon.com/images/I/71SLQmKK-ZL._AC_UL320_.jpg","4.2","18","5.94","108"
"B0BWCVF7YY","NINJAGO Future Accessory Pouch, Red","https://m.media-amazon.com/images/I/71CDA+NPyYL._AC_UL320_.jpg","5.0","6","13.61","108"
"B0B9BJM23V","Luggage Sets 3 Piece(20/24/28)-Suitcase Set- Luggage with Wheels-PC + ABS Durable Lightweight Rotating hardshell suitcase 5PCS (Navy blue color)…","https://m.media-amazon.com/images/I/81kLEbWFCrL._AC_UL320_.jpg","4.5","32","189.99","108"
"B0BY83KXB3","TOBGB Funny Frogs Gift Frog Tote Pouch Bag Good Friends Gift Frog Sketch Tote Bag Toad Gift Storybook Gift(Said Toad Tote)","https://m.media-amazon.com/images/I/71cGOU3jdjL._AC_UL320_.jpg","5.0","10","16.89","108"
"B002VRFNUW","Laurel Burch Large Scoop Tote Zipper Top 19""X8.5""X12.5"", Spotted Cats","https://m.media-amazon.com/images/I/91CqUnv+gvL._AC_UL320_.jpg","4.5","71","34.13","108"
"B00HSNY5S0","Hamburg Luggage Set, Navy, One Size","https://m.media-amazon.com/images/I/91hMxYREXtL._AC_UL320_.jpg","3.7","43","230.22","108"
"B07ZTRS76Q","Half Moon Weekender, Peat Moss","https://m.media-amazon.com/images/I/71D19lHd8qL._AC_UL320_.jpg","5.0","5","199.95","108"
"B09MZWSFWH","Marvel Avengers Infinity Saga - 3D Foam Bag Clip in Blind Bag","https://m.media-amazon.com/images/I/71k3v+UWMGL._AC_UL320_.jpg","4.3","31","9.0","108"
"B09K7VHCPL","allrounder M – Versatile doctor bag for travel, work or leisure - With functional-stylish design","https://m.media-amazon.com/images/I/61gosP-z6QL._AC_UL320_.jpg","4.7","1052","74.95","108"
"B081M36R6R","Linear 3-Piece Hardside Spinner Wheel Luggage Set, Black, (19/23/27)","https://m.media-amazon.com/images/I/71YlO3tyA4L._AC_UL320_.jpg","4.1","38","319.99","108"
"B01NALJQM0","Tapestry Large Travel Duffle Bag Ladies Overnight Weekender Carryon Gym Sports Duffel bags for Women","https://m.media-amazon.com/images/I/71i6raPMmXL._AC_UL320_.jpg","4.6","242","45.5","108"
"B08RRPN6L3","60"" Garment Bags for Travel & Hanging Clothes - Suit Covers Garment Bag for Men & Women Dress Bag - Closet Storage Suit Bag, Dress Bags, Coat Storage - Zipper Closure (Grey)","https://m.media-amazon.com/images/I/71VmvoxIJGL._AC_UL320_.jpg","4.6","74","16.97","108"
"B0BHWH1QTX","German Shepherd Tote Bag Dog Lovers Gifts German Shepard Purse for Women Girls German Gift Bag Canvas Handbag with Zipper","https://m.media-amazon.com/images/I/51YggA9xLSL._AC_UL320_.jpg","4.2","9","22.88","108"
"B0BZMWSTQ4","Designs Large Tote Bag for Women | Neoprene Shoulder Purse | Travel, Beach, Gym Handbag | Extra Pouch","https://m.media-amazon.com/images/I/61-8vUedcZL._AC_UL320_.jpg","4.6","573","59.99","108"
"B00HPCFBLO","Tapestry Large Travel Duffle Bag Ladies Overnight Weekender Carryon Gym Sports Duffel bags for Women With strawberry Thief Blue Design (BHOLD-STBL)","https://m.media-amazon.com/images/I/81sa4rFYeqL._AC_UL320_.jpg","4.7","200","69.99","108"
"B0BHHMH87S","Large Capacity Clear Snacks Bag For Women Girls With Chenille Letter Pathes, Multi-purpose Clear SeeThough Transparent Waterproof Snacks Tote Shoulder Bag with Wrist Strap(Pink)…","https://m.media-amazon.com/images/I/71ZvypM1UEL._AC_UL320_.jpg","4.6","64","9.99","108"
"B07YYQJWJD","20-Inch Carry-On Hardside Spinner Luggage Set, Paris Nights","https://m.media-amazon.com/images/I/911npaFlnyL._AC_UL320_.jpg","4.5","11","84.22","108"
"B01EXCE49S","Large Deluxe Travel Tote - Perfect Beach or Picnic Bag - Vacations, Sailing, or Boating - Military Grade - Water Resistant, Roomy & Versatile Travel Tote w/ 11 Inch Shoulder Strap [Coyote Brown]","https://m.media-amazon.com/images/I/61rOE92QSmL._AC_UL320_.jpg","4.4","20","44.99","108"
"B09P8K4KPD","Women Canvas Beach Bag With Zipper Large Tote Bag Lightweight Shoulder Bag for Beach Travel Pool Yoga","https://m.media-amazon.com/images/I/81zBfMDL7tL._AC_UL320_.jpg","4.6","50","17.99","108"
"B07BKQ4VT4","Flight Crew Luggage Roll-Aboard","https://m.media-amazon.com/images/I/61BhYwvbK-L._AC_UL320_.jpg","4.5","6","449.0","108"
"B07X2Z4ZPH","Leopard Serape NGIL Medium Canvas Tote Bag","https://m.media-amazon.com/images/I/617TINKj1eL._AC_UL320_.jpg","4.5","46","32.99","108"
"B09HSCXH3B","Contemporary","https://m.media-amazon.com/images/I/71ydPAc+GxL._AC_UL320_.jpg","4.5","21","14.99","108"
"B0C7RPFLP1","Jelly Purse, Jelly Beach Bag, Beach Basket Tote, Plastic Beach Tote, Easter Basket","https://m.media-amazon.com/images/I/51ltoxM30YL._AC_UL320_.jpg","4.3","28","22.99","108"
"B00AMNYDYE","Tapestry Large Travel Duffle Bag Ladies Overnight Weekender Carryon Gym Sports Duffel bags for Women with Butterfly Design (BHOLD-BUTT)","https://m.media-amazon.com/images/I/61mS-rIPA+L._AC_UL320_.jpg","4.5","124","61.99","108"
"B0C6KB2VXM","Beach Bags, Extra Large Women Tote with Zip Sandproof Family Summer Holiday Swimming Handbags with Multiple Pockets","https://m.media-amazon.com/images/I/71ue2IBbmeL._AC_UL320_.jpg","4.8","8","25.99","108"
"B000QAS2SG","The Embassy Personal Travel Bag, Italian Stone Design, for Overnight Stays, Vacations and Road Trips, Genuine Lamb Skin Leather","https://m.media-amazon.com/images/I/813vP0SYL7L._AC_UL320_.jpg","4.3","283","13.95","108"
"B071JC5L2C","STEPHEN CHEETHAM Dogs & Cats Zip Pockets","https://m.media-amazon.com/images/I/51Itrb8hcHL._AC_UL320_.jpg","4.7","20","18.99","108"
"B07PMLKPJ2","Kingsley Abs 3-Piece Hardside Spinner Luggage Set, Blue, One Size","https://m.media-amazon.com/images/I/61ArW1+ttzL._AC_UL320_.jpg","4.0","8","194.99","108"
"B07WTSNVTH","Santa Barbara Design Studio Creative Brands Togetrher Canvas Tote Bag, 20"" x 11'","https://m.media-amazon.com/images/I/71G2kg8NsrL._AC_UL320_.jpg","4.4","5","19.43","108"
"B07HM5QXTH","Yellow Library Card Tote Bag","https://m.media-amazon.com/images/I/51GoFgpspWL._AC_UL320_.jpg","4.8","67","29.68","108"
"B0B51TTDJB","Grandmother of the Bride Bag,Grandmother of the Bride Gifts,Bridal Shower Gifts,Canvas Black and White","https://m.media-amazon.com/images/I/61pdQcKFllL._AC_UL320_.jpg","4.9","819","22.99","108"
"B0949NL6H3","Large Canvas Weekend Travel Tote Bag","https://m.media-amazon.com/images/I/81Xp3vJ4E7S._AC_UL320_.jpg","4.9","42","34.99","108"
"B0C5J65D1N","Large Beach Bag Tote for Women Lightweight Waterproof Tote Bag with Zipper for Pool Gym Travel Vacation","https://m.media-amazon.com/images/I/71BZM1UgK-L._AC_UL320_.jpg","4.8","23","24.99","108"
"B0BJQ2BJZ7","Luggage Sets,Lightweight Hard Shell Suitcase Set with Spinner Wheels,Hardside Luggage 8-Piece Set with TSA Lock (WHITE, 20/24 INCH)","https://m.media-amazon.com/images/I/61D4PJzOT9L._AC_UL320_.jpg","4.5","5","120.0","108"
"B09VP7G7FQ","Brooke & Jess Designs Nurse Bags for Work - Insulated Nurse Bag, Medic Tote, Clinic Bag for Nursing Students, Nursing Bag, CNA Bags, RN Bags, RN Tote, Nurse Gifts for Women, Graduation","https://m.media-amazon.com/images/I/91Jt2RLwjhL._AC_UL320_.jpg","4.5","9","24.95","108"
"B0057DAJEW","Derek Alexander Large Top Zip Shopper, Black, One Size","https://m.media-amazon.com/images/I/91tNaXaurUL._AC_UL320_.jpg","4.5","6","36.83","108"
"B071SF3PTY","Black Suit Garment Travel Bags -ID Tag Window, Durable Heavy Duty, Lightweight","https://m.media-amazon.com/images/I/61fFB20U+QL._AC_UL320_.jpg","4.0","272","11.69","108"
"B0C816C582","Canvas Tote Bag Aesthetic for Women Graphic Tote bag with Zipper Cute Canvas Bags with Pockets","https://m.media-amazon.com/images/I/51SNzYe39cL._AC_UL320_.jpg","4.8","558","11.99","108"
"B09K6CP3YH","Women Weekender Overnight Travel Shoulder Bag Overnight Carry-on Duffel Gym Tote Luggage (D Wave 1)","https://m.media-amazon.com/images/I/81Hp4IqVrcL._AC_UL320_.jpg","4.7","66","16.99","108"
"B0912P5GHT","CV-Venture Zip Around Tote - Dragonfly","https://m.media-amazon.com/images/I/61t4m3CjV3L._AC_UL320_.jpg","4.0","10","65.0","108"
"B07LB4H2G3","Women's Wedding Gowns Garment Bag Foldable Portable Dust Cover Hanging Luggage Storage Travel Bag","https://m.media-amazon.com/images/I/51d1des0OiL._AC_UL320_.jpg","4.1","32","18.99","108"
"B07TFLG6JB","Your Bags Suit, Dress, Gown Garment Travel Bags 5 Pack, 54"" -Men's and Women's (Black & Fuchsia Home Coming)","https://m.media-amazon.com/images/I/61gtLM+yvBL._AC_UL320_.jpg","4.5","106","32.47","108"
"B07JNQGR6R","/ 2 Set Luggage Suitcase Replacement Wheels Axles Wrench Deluxe Repair 80x24mm","https://m.media-amazon.com/images/I/61Pq3KlJLjL._AC_UL320_.jpg","3.9","15","12.99","108"
"B0BP6NTH2P","Personalized Gifts for Women Mom Mother Initial Tote Bag w Zipper Pocket Embroidery Gifts Monogram","https://m.media-amazon.com/images/I/81I4V-YJRvL._AC_UL320_.jpg","4.6","335","18.99","108"
"B0CC2V7G3M","Beach Bag for Women Large Waterproof Sandproof Beach Pool Bag Casual Travel Beach Tote Bag with Pockets","https://m.media-amazon.com/images/I/811kr3YXa-L._AC_UL320_.jpg","4.0","9","21.99","108"
"B07NW21KY1","Carry All Tote Bag with 7 Outside Pockets (Large, Black)","https://m.media-amazon.com/images/I/61pr+fKcVmL._AC_UL320_.jpg","4.5","97","41.0","108"
"B01NCESDQN","Headphone KR17-07/GM Key Fob - Headphones - Cast Metal/Silicone - Trend: Music - Listen to Music - Gunmetal Grey - The Original by Troika","https://m.media-amazon.com/images/I/71-csbXJ-sL._AC_UL320_.jpg","4.7","161","22.9","108"
"B07PCSWYLP","Signature Traveller Ultimate Nursing Bag (Navy)","https://m.media-amazon.com/images/I/619FNsrU4VL._AC_UL320_.jpg","4.2","34","99.95","108"
"B0C3R9Z72H","The Tote Bag Clear,Clear Tote Bags for Women,Transparent PVC Crossbody Handbag for Travel Beach","https://m.media-amazon.com/images/I/71fgpCdheVL._AC_UL320_.jpg","4.4","31","21.99","108"
"B0BD6V8XJJ","Christian Gift JW Baptism Gift for Her With Jehovah all things are possible Cosmetic Bag Jehovah Witness Gift (With Jehovah Tote Bag)","https://m.media-amazon.com/images/I/71s-Nm6YE0L._AC_UL320_.jpg","4.9","24","15.89","108"
"B01J24HAXO","Garment Bag, 40-Inch","https://m.media-amazon.com/images/I/8132FT+2jFL._AC_UL320_.jpg","4.3","1514","29.84","108"
"B0BD99L7WB","Baby Boys 2 Pieces Shortall Set","https://m.media-amazon.com/images/I/71oZYNMdfFL._AC_UL320_.jpg","5.0","5","32.45","108"
"B008LR9UIM","Laguna Beach Hardside Spinner Wheel Luggage, Black Dot, Carry-On 20-Inch","https://m.media-amazon.com/images/I/71zaTPveigL._AC_UL320_.jpg","4.4","478","45.99","108"
"B09MJ75MZT","Tote Bag for Women,Large Zipper Multi Pockets Shoulder Handbag,Lady Crossbody Purse,Quilted Cotton Top Handle Satchel","https://m.media-amazon.com/images/I/81J5AT5J-ZL._AC_UL320_.jpg","4.2","20","36.99","108"
"B0B6PLRS3R","DYBHRD 47-Inch Travel-Suit-Bag Foldable Waterproof Garment Bags for Travel Hanging Clothes, Durable Oxford Fabric Portable Suit Carrier, Suitable for Men Travel","https://m.media-amazon.com/images/I/615qkNl2jDL._AC_UL320_.jpg","4.1","28","26.99","108"
"B09GPZ9Y17","Tutin Hardside Spinner Luggage TSA Lock, Burgundy, 3-Piece Set","https://m.media-amazon.com/images/I/91GVnjukAEL._AC_UL320_.jpg","3.6","14","131.21","108"
"B0C4P17GYX","Mesh Beach Bag 2-in-1 Beach Bag with Cooler Waterproof Sandproof Beach Tote Bag Pool Bag for Women","https://m.media-amazon.com/images/I/81--91K48TL._AC_UL320_.jpg","4.6","14","13.99","108"
"B094MJB1TK","Baseball Gift Mom Tote Handbag - Extra Large Utility Tote Off white Canvas Sports Beach Travel Bag","https://m.media-amazon.com/images/I/61macxz4fTL._AC_UL320_.jpg","4.7","106","22.99","108"
"B0C4XH3VRL","Waterproof Beach Tote Bag X Large Sandproof Washable Beach Bag for Seaside Boat Pool Picnic Camping 19 x 13 x 9 inch","https://m.media-amazon.com/images/I/619aoC8SJDL._AC_UL320_.jpg","4.7","17","59.99","108"
"B09QRSXHF4","Van Gogh Reusable Art Tote Bag, Aesthetic Canvas Carry on Shoulder Tote, Women Work Beach Travel","https://m.media-amazon.com/images/I/81lAsaNL4yL._AC_UL320_.jpg","4.7","7","6.99","108"
"B07D1KP8S5","Extra Large Beach Bag, Waterproof Sandproof Shoulder Tote Bags for Women with Top Zipper, Pockets, Rope Handles for Pool Travel Vacation Weekend","https://m.media-amazon.com/images/I/71P1ILzGuxL._AC_UL320_.jpg","4.5","297","29.99","108"
"B09XXW182J","Mesh Beach Tote Bag for Women Big Capacity Shoulder Handbags Pool Bag for Shopping Picnic Travel Essentials","https://m.media-amazon.com/images/I/81y9kPh7ykL._AC_UL320_.jpg","4.7","428","14.88","108"
"B07P9RT2BL","Lightweight 8 Wheel 1680D Soft Case Suitcases Maximum Size For Delta, United and SkyWest Airlines - Cabin Charcoal FFK0041_S","https://m.media-amazon.com/images/I/91+tqegQNkL._AC_UL320_.jpg","3.6","20","49.99","108"
"B07DZWWYB3","Women Large Tote Top Handle Shoulder Bags Llama Pattern With Stripes Ladies Handbag","https://m.media-amazon.com/images/I/61Ewhpx7SJL._AC_UL320_.jpg","4.5","454","11.49","108"
"B0CCDZKVBS","Accessories for Bogg Bag Handbag Beach 1","https://m.media-amazon.com/images/I/61GwXKEldhL._AC_UL320_.jpg","4.6","13","7.99","108"
"B0BC1KXWZW","Ugiftcorner Teacher Tote Bag Teacher Gifts for Women Men Teacher Appreciation Gifts Christmas Graduation Valentines Day Birthday Thank You Gifts for Teacher Bag Canvas Cotton Bag with Pocket Black","https://m.media-amazon.com/images/I/61jcHymdpSL._AC_UL320_.jpg","4.6","73","14.99","108"
"B0B1S8RQY7","Big Canvas Bag with Pocket, Lightweight Reusable Travel Tote for Books, Beach or Produce","https://m.media-amazon.com/images/I/61IHFPi87XL._AC_UL320_.jpg","4.7","20","19.95","108"
"B075KQHPLH","Explorer Expandable Spinner Luggage, Navy, 3-Piece Set","https://m.media-amazon.com/images/I/71tcQaxiKWL._AC_UL320_.jpg","3.6","12","126.93","108"
"B083SBRPLJ","Travel Bag Carry On Sports Gym Duffel Luggage Shoulder Pack for Women (Black) Medium","https://m.media-amazon.com/images/I/61WndLnc9sL._AC_UL320_.jpg","4.6","161","19.99","108"
"B0C8Y3PLLS","Rubber Beach Bag, Waterproof Sandproof OutdoorTote Bag, Durable Open Tote Bag with Holes for Beach Sports","https://m.media-amazon.com/images/I/61tExF2afeL._AC_UL320_.jpg","4.3","11","60.99","108"
"B0BRN6NBVT","Travel Bag with Wheels","https://m.media-amazon.com/images/I/51po5pSzBxL._AC_UL320_.jpg","4.3","56","106.35","108"
"B08P45M8C1","Reusable Tote Bag Women Large Casual Handbag Shoulder Bags for Shopping Groceries Travel Outdoors","https://m.media-amazon.com/images/I/71DrJXGeEmL._AC_UL320_.jpg","4.7","138","23.99","108"
"B081S8L321","Britto Transparent 21"" Carry On Spinner Luggage (Transparent Butterfly)","https://m.media-amazon.com/images/I/61JyJ6UJ3PL._AC_UL320_.jpg","4.0","19","161.99","108"
"B0C85K328T","Foldable Work Tote Bags For Women Large Tote Travel Bag, Nurse Bag, Teacher Bag, Mom Bag","https://m.media-amazon.com/images/I/71DjNe9cRoL._AC_UL320_.jpg","4.4","53","15.99","108"
"B099WH23QH","Dry Wet Separated Tote Bag Gym Tote Sports Bag Lightweight Travel Duffel Bag Water-Resistant Beach Tote for Men and Women (Black Leaf)","https://m.media-amazon.com/images/I/81uRoXXBN2L._AC_UL320_.jpg","4.5","65","15.99","108"
"1577666135","The Magic Garment: Principles of Costume Design","https://m.media-amazon.com/images/I/71kQhYk4PAL._AC_UL320_.jpg","4.5","45","69.39","108"
"B01EFOHDHY","Picnic at Ascot Large Insulated Multi Pocketed Travel Bag With 6 Exterior Pockets, Trellis Green","https://m.media-amazon.com/images/I/81WBkhdS-7L._AC_UL320_.jpg","4.7","31","35.0","108"
"B00004SR9S","Travel Garment Bag Cover for Airplane, Car, Everyday Use-Heavy-Duty, Lightweight, Water-Resistant, Perfect for Suits, Dresses, or Uniforms, 47” Length, Black, One Size","https://m.media-amazon.com/images/I/71E3+RZFd6L._AC_UL320_.jpg","4.0","288","13.5","108"
"B0C4PQ2MBH","BIGCARJOB Cute Paw Luggage Handle Covers Set for Suitcase,Set of 2 Pcs Lovely Footprint Door Handle Protection Sleeve Cover Luggage Makers Covers Wraps Travel Accessories for Women Girls Gifts","https://m.media-amazon.com/images/I/71tgJtb4DrL._AC_UL320_.jpg","4.6","13","9.99","108"
"B082SMSLFP","Business Card Holder, Aluminum Credit Card Holder with RFID Blocking Sleeves, Pockets Colorful Aluminum Business Card Cases for Men Women.","https://m.media-amazon.com/images/I/51glzew2ivL._AC_UL320_.jpg","4.1","495","5.99","108"
"B083S6SSFZ","Disney's Villains Maleficent Scar Ursula the Witch Cruella Deville Large Reusable Tote Bag …","https://m.media-amazon.com/images/I/61XIsfkvmaL._AC_UL320_.jpg","4.1","12","14.95","108"
"B0914PDZH7","Genuine Tote Bag","https://m.media-amazon.com/images/I/718n-v5k6RS._AC_UL320_.jpg","4.3","68","14.95","108"
"B0B36ZR8H2","Large Beach Tote Bag for Women Waterproof Shoulder Handbag for Gym Pool Travel Beach","https://m.media-amazon.com/images/I/71FRKiabBLL._AC_UL320_.jpg","4.9","33","18.88","108"
"B07SGPNWRG","Santa Barbara Design Studio Hold Everything Waterproof Jute Tote Bag, Mini, Beach","https://m.media-amazon.com/images/I/81uDcmbi4kL._AC_UL320_.jpg","4.5","19","26.99","108"
"B017M5JE7A","Santorini 20"", 28"" 2pc Expandable Polycarbonate Spinner Set, Navy, One Size","https://m.media-amazon.com/images/I/71RtEpw8AAL._AC_UL320_.jpg","3.8","35","120.15","108"
"B0B53B9P29","Hogimcty Garment Bag for Storage and Travel 59 inch for Dance Costume,Wedding Gown,Suit,Garment Bags for Travel and Suit Bag (2 Packs, Pink)","https://m.media-amazon.com/images/I/81pnPPl-WWL._AC_UL320_.jpg","4.7","74","31.94","108"
"B0BGPN8Y1L","Canvas Tote Bag for Women,Beach Bag,Personalized Canvas Beach Bag,Bride Tote Bag, Bridal Shower Gifts,Bridesmaid Gifts","https://m.media-amazon.com/images/I/71P-b0SBcIL._AC_UL320_.jpg","4.3","21","9.99","108"
"B07DWKFNBH","Comp Short Sleeve Batting Jacket","https://m.media-amazon.com/images/I/51gOCXtv+SL._AC_UL320_.jpg","4.6","651","24.95","108"
"B08M5NSMY7","PP material Hardside Spinner, Carry-On, Wear-resistant, scratch-resistant Suitcase Luggage with Wheels (Black Color, 20-inch)","https://m.media-amazon.com/images/I/51vIuxWrdZL._AC_UL320_.jpg","4.3","88","49.97","108"
"B002G5IFGS","European Carry-On, Saddle, One Size","https://m.media-amazon.com/images/I/61iNPSF1xHL._AC_UL320_.jpg","3.5","11","151.55","108"
"B09QLRZD62","Lightweight Travel Bag for Women Carry On Waterproof Duffle Bag with Zipper Tote Bag Large Capacity gym bags","https://m.media-amazon.com/images/I/41xU5HxiWHL._AC_UL320_.jpg","4.7","51","18.99","108"
"B0C9ZW5JXS","Beach Bag Accessories PVC Rubber Totes Inserts Charms for Bogg Bag","https://m.media-amazon.com/images/I/513z6ReCHWL._AC_UL320_.jpg","4.7","19","8.99","108"
"B098DKKBGY","Rough Enough Large Tote Bag for Women Work Tote Bag for Men with Zipper Camo Cordura","https://m.media-amazon.com/images/I/81y4PTQ4vzS._AC_UL320_.jpg","4.7","24","49.99","108"
"B001XFBG0Y","Daily Tote with Shoulder Length Handles and Outside Pocket","https://m.media-amazon.com/images/I/91BF6GrpY5L._AC_UL320_.jpg","4.3","1660","9.99","108"
"B0CG8QZV3Z","Floral Tote Bag for Women, Water Resistant Gym Tote Bags Shoulder Bag Handbag for Travel Work","https://m.media-amazon.com/images/I/71Qa-Br0oPL._AC_UL320_.jpg","4.4","564","18.99","108"
"B07NJCN9VW","Lakeside Wide Trolley Spinner Luggage with TSA-Lock, Olive Green, Carry-On 20-Inch","https://m.media-amazon.com/images/I/912kxY4RWCL._AC_UL320_.jpg","3.5","60","85.55","108"
"B07P7Q6PF7","Soundbox - Spinner Small Expandable Hand Luggage, 55 cm, 41 liters, Green (Jade Green)","https://m.media-amazon.com/images/I/71D6ELitkTL._AC_UL320_.jpg","4.8","747","155.77","108"
"B09KNDJYXD","37""Kids Costume Garment Bag with 4 Zipper Functional Pockets, Children's Dance Costume Cover Bag, Foldable Travel Storage Cover Bag, Waterproof Clothes Hanging Protector Cover for Travel Competitions","https://m.media-amazon.com/images/I/71kuhRtwU8L._AC_UL320_.jpg","4.3","107","15.58","108"
"B0C1TGSFSR","Men's Garment Dye S/S Crew","https://m.media-amazon.com/images/I/61bIuU6rGbL._AC_UL320_.jpg","3.7","6","80.0","108"
"B00LBH53QM","Camo 5-Piece Spinner Luggage Set, Green, One Size","https://m.media-amazon.com/images/I/71ojsXTtY4L._AC_UL320_.jpg","4.4","58","237.76","108"
"B07XB3JFWD","Mizuno Runbird Drawback X","https://m.media-amazon.com/images/I/51jv8U3Y-AL._AC_UL320_.jpg","5.0","9","17.0","108"
"B0C86LTHXR","Canvas Tote Bag for Women, Birthday Gift Personalized Tote Bag, Initial Tote Bags Bulk for Teacher Friend Beach Wedding","https://m.media-amazon.com/images/I/71URBZaRBxL._AC_UL320_.jpg","4.5","9","19.99","108"
"B0B5XJKHNT","Saintrygo 4 Pack Teacher Canvas Tote Bags Teacher Appreciation Gifts Supplies for Women Daycare Teachers (Best Teacher Ever)","https://m.media-amazon.com/images/I/71tBB5hPHzL._AC_UL320_.jpg","4.4","46","13.99","108"
"B0BGPF8NLV","Convertible Garment Duffel Bag for Men, 2 In 1 Hanging Travel Garment Bag for Weekender, 45L Suit Bag Gift for Bussiness Trip, Foldable Luggage Carrier Bag, Waterproof Nylon Backpack","https://m.media-amazon.com/images/I/71yKWM2Q9eL._AC_UL320_.jpg","4.1","92","36.95","108"
"B003EZW8IU","Escape 4-Piece Softside Upright Luggage Set, Telescoping Handles, Multi/Pink Dot, (14/19/24/28)","https://m.media-amazon.com/images/I/81yE3ULG4xL._AC_UL320_.jpg","4.2","407","105.0","108"
"B09WZJRQF4","Women's Essential Medium Pouch in Eco-Twill","https://m.media-amazon.com/images/I/61YoieF-FeL._AC_UL320_.jpg","4.9","14","40.0","108"
"B000078CYM","X-Small Distressed Nylon Healthy Back Bag Tote","https://m.media-amazon.com/images/I/91dmWxSX4pL._AC_UL320_.jpg","4.6","581","65.0","108"
"B01JK7H6PA","Albany Softside Lightweight Fashion Spinner Luggage Suitcase (Black, Holdall Bag)","https://m.media-amazon.com/images/I/51ehFTZGAzL._AC_UL320_.jpg","4.4","47","295.0","108"
"B08377ZVV8","Boho Rattan Crochet Straw Woven Basket Bali Handbag - Round Circle Crossbody, Large Shopper Beach Tote Bag","https://m.media-amazon.com/images/I/71Z230JfVLL._AC_UL320_.jpg","4.4","65","13.95","108"
"B0C3VHCZJM","Beach Bag for Women, Waterproof Sandproof Beach Tote Bag, Canvas Large Tote Bag with Zipper, Travel Duffle/Pool Bag for women","https://m.media-amazon.com/images/I/71aGT4PacHL._AC_UL320_.jpg","4.9","25","16.99","108"
"B0C4KX2GDZ","Beach Bags Mesh Beach Bag Beach Tote Bags for Women Waterproof Swim Pool Bag with Zipper Insulated Cooler","https://m.media-amazon.com/images/I/71Vwo8c4RZL._AC_UL320_.jpg","4.8","11","15.99","108"
"B0BXWCLJ5K","Canvas Crossbody Bags for Women, Canvas Tote Bag Canvas Purses and Handbags for Womens","https://m.media-amazon.com/images/I/71EVsfdJPUL._AC_UL320_.jpg","4.4","1133","21.99","108"
"B0BWJ72RBH","Canvas Reusable Grocery Bags Heavy Duty, Foldable Large Canvas Tote Bag with Handles, Holds 50 lbs Canvas Shopping Bags","https://m.media-amazon.com/images/I/51RJGyK-IFL._AC_UL320_.jpg","4.7","17","9.99","108"
"B008EHZV5K","Luggage Set, Brown, Set of 3","https://m.media-amazon.com/images/I/711HdglBT6L._AC_UL320_.jpg","4.2","891","256.61","108"
"B08CBWWN8J","Diablo 2 3/4 SANDNET HS 220G","https://m.media-amazon.com/images/I/61XfvIz68pL._AC_UL320_.jpg","5.0","10","9.97","108"
"B0BX3V9FVR","Mesh Beach Tote Womens Large Bag with Multiple Pockets Womens Shoulder HandbagVacation Beach Pool Trip Swimming Family","https://m.media-amazon.com/images/I/71q9vMsEbTL._AC_UL320_.jpg","4.6","28","11.99","108"
"B08C2YZ2Q3","Large Straw Beach Bags for Women Large Tote Bag Summer Travel With Pom Poms","https://m.media-amazon.com/images/I/71XsP+8FriL._AC_UL320_.jpg","4.3","63","32.99","108"
"B08YNL7CHT","Totally-Tiffany Nancy EZ20 Tote Bag","https://m.media-amazon.com/images/I/81ovNpUPH+L._AC_UL320_.jpg","5.0","6","15.74","108"
"B09B2SB9CX","Honey-Can-Do Laundry Tote - Pink HMP-09647 Pink, Large","https://m.media-amazon.com/images/I/71PvGvt8vbL._AC_UL320_.jpg","4.6","181","14.63","108"
"B072JWPFVN","SlenyuBridal Wedding Dress Bags Garment Bag for Mermaid Wedding Dress Ivory 180CM","https://m.media-amazon.com/images/I/51sc8up5WAL._AC_UL320_.jpg","4.4","9","12.99","108"
"B00M0EOVAO","Floral Tote Bag Shoulder Bags For Women Waterproof Tote Handbags For Work Beach Travel","https://m.media-amazon.com/images/I/814qGWuhYrL._AC_UL320_.jpg","4.4","318","18.61","108"
"B09DTPG43N","Aurora New Generation Lightweight Denim Spinner Luggage, Burgundy, 3-Piece Set","https://m.media-amazon.com/images/I/910zOueCR6L._AC_UL320_.jpg","5.0","5","161.84","108"
"B0B4VKZNQN","Paris Hardside Luggage with Spinner Wheels, Turquoise, 3-Piece Set (20/24/28)","https://m.media-amazon.com/images/I/81iYBlRmMBL._AC_UL320_.jpg","4.2","30","300.0","108"
"B0BC5L7RVV","Extra Large Beach Bags for Women Tote Bag,Waterproof fabric Top Zipper Closure 7 Pockets for Travel, Swim and Beach Holiday","https://m.media-amazon.com/images/I/71hyzqEXv8L._AC_UL320_.jpg","5.0","5","22.99","108"
"B00UN2HCYM","Youth EVA Poncho, Clear","https://m.media-amazon.com/images/I/71KXs-MHpUL._AC_UL320_.jpg","5.0","5","11.79","108"
"B09VRTGRF3","Accuracy 22"" Softside Carry-On 8 Wheel Spinner, Grey Skin","https://m.media-amazon.com/images/I/61vU27jK4hL._AC_UL320_.jpg","4.5","13","90.23","108"
"B01GU40UPE","Natural Canvas Makeup Bag With Zipper Closure Badass & Brilliant","https://m.media-amazon.com/images/I/71vnvzO+s0L._AC_UL320_.jpg","4.8","42","16.99","108"
"B00L7RV4I2","Ocean Sun Fish Bag, Blue, One Size","https://m.media-amazon.com/images/I/81i5Et3scoL._AC_UL320_.jpg","4.7","6","18.4","108"
"B073MCS5RV","Famous Psychologist Tote bag","https://m.media-amazon.com/images/I/51+tgcLEOML._AC_UL320_.jpg","4.5","69","15.0","108"
"B00UKERIB0","Vantage Slate Blue 21 Inches Carry-On Luggage, Slate Blue","https://m.media-amazon.com/images/I/81hvrnFoyBL._AC_UL320_.jpg","4.4","7","188.99","108"
"B07KYWX1RL","Carry on Luggage Collection - Designer Lightweight Softside Expandable Suitcase- Durable 20 Inch Bag with 8-Rolling Spinner Wheels (Light Blue)","https://m.media-amazon.com/images/I/91-gL1UiJxL._AC_UL320_.jpg","3.9","10","119.99","108"
"B01ICYA9GK","Sand Free Beach Tote Bag II","https://m.media-amazon.com/images/I/714D33NkBIL._AC_UL320_.jpg","4.6","244","34.99","108"
"B0197VRCKS","Flat Cleantech Water Bladder","https://m.media-amazon.com/images/I/813cq0Rad7L._AC_UL320_.jpg","4.1","29","33.37","108"
"B0BZMZ57K8","Luggage Straps Adjustable Travel Belt for Luggage Add a Bag Over Handle, Onmust Elastic Bungees Luggage Strap with Alloy Buckle for Carry On Bag, Hands-Free Airport Travel Accessories Pink","https://m.media-amazon.com/images/I/71Mgse3ZRkL._AC_UL320_.jpg","4.6","18","15.99","108"
"B07WZQFMRT","Large Beach Tote Bag, Faux Linen Top Zipper Boat Bag (Gold Pineapple)","https://m.media-amazon.com/images/I/91ULHvmvZSL._AC_UL320_.jpg","4.4","590","19.95","108"
"B09BYLQVW5","Suitcase Kid Luggage Travel Fashionable Appearance Rideable Funny Suitcase Add Fun to The Journey Kid Gift 20in Recommended Age 2-12 Years Old Boy/Girl Suitcase PC Material (Pink)","https://m.media-amazon.com/images/I/51g0y8gT9PL._AC_UL320_.jpg","4.7","16","179.99","108"
"B07D8RPX3X","Unisex-Adult (Luggage only) Contemporary, Mona Lisa, One Size","https://m.media-amazon.com/images/I/61OqcqOKE8L._AC_UL320_.jpg","4.5","177","9.99","108"
"B0786Z2QKT","HB-28 Ladies Women Canvas Travel Weekender Bag Overnight Carry-on Duffel Tote Bag (Kakhi) 16 x 12 x 8 inch","https://m.media-amazon.com/images/I/817Tyz1AuiL._AC_UL320_.jpg","4.5","117","37.99","108"
"B08412FGKY","Elswood Spinner Suitcase, Black, Carry-On","https://m.media-amazon.com/images/I/71u17b+vyNL._AC_UL320_.jpg","4.1","7","111.55","108"
"B09FPGBSLN","Large Lightweight Tote Bag - Travel Shoulder Bag for Gym Hiking Picnic Travel Beach Waterproof Tote Bags","https://m.media-amazon.com/images/I/716qd5-PiuL._AC_UL320_.jpg","4.9","12","14.99","108"
"B004BQKY4Q","Garment Lightweight Hanging Travel Bag, Black, 52 Inch","https://m.media-amazon.com/images/I/812sKy1yosL._AC_UL320_.jpg","4.3","76","71.99","108"
"B00KBVNLZE","Disney Junior RK38321C Minnie Mouse-Head Rubber Keychain, Multicoloured, 60 x 80 cm","https://m.media-amazon.com/images/I/81hzf2AftXL._AC_UL320_.jpg","4.7","932","6.11","108"
"B08HGF4SJ1","Twilight Lightweight Nylon 3-Piece Spinner Luggage Set, Turquoise","https://m.media-amazon.com/images/I/91o8Lo2C1ZL._AC_UL320_.jpg","4.3","9","179.99","108"
"B0C65SR5MC","Zilink Clear Dance Costume Garment Bag for Teen Girls & Boys Dance Bags for Dancers and Teenagers with Zip Pockets for Competition Theatre Cheer Horse Shows","https://m.media-amazon.com/images/I/61W9WAFQODL._AC_UL320_.jpg","4.5","316","24.99","108"
"B005E1E2N6","Poly Zipper Tote Bag","https://m.media-amazon.com/images/I/910Psy-ximL._AC_UL320_.jpg","4.2","469","12.99","108"
"B07KYJPCQK","Simplify Dress Grey Garment Bags, Carry On Travel, Good for Suits, Gowns, Uniforms, Costumes & More (Model: 26611-GREY)","https://m.media-amazon.com/images/I/81aJLT5KgjL._AC_UL320_.jpg","3.8","6","9.52","108"
"B0C9CZSXFH","Beach Bag - Beach Bags For Women - Large Bolso De Playa For Women Vacation,Beach,Pool - Canvas With Zipper Tote Bag-Hola Beaches Bag Waterproof - Beach Essentials","https://m.media-amazon.com/images/I/61jJCina1mL._AC_UL320_.jpg","4.6","7","15.99","108"
"B00GNEPHDC","Small Tote Bag, Saddle, One Size","https://m.media-amazon.com/images/I/71dPOYqwfmL._AC_UL320_.jpg","4.4","32","90.36","108"
"B09NB21TLB","Women's Small Traveler Tote","https://m.media-amazon.com/images/I/71Lu0G+uY7L._AC_UL320_.jpg","4.6","6","195.0","108"
"B07MYY2NWW","Piano Music Notes Linen Tote Bag Fashion Shoulder Bag for Women Girl","https://m.media-amazon.com/images/I/51nzRqH49nL._AC_UL320_.jpg","4.6","144","13.99","108"
"B0067SFT28","Turbo-Tan Brand Professional Airbrush and Turbine Spray Tanning Tent Booth with Nylon Carrying Bag","https://m.media-amazon.com/images/I/81WD0DOd9uL._AC_UL320_.jpg","4.3","174","59.99","108"
"B0BG416DKV","Large Personalized Initial Canvas Gift Tote Bag for Women Wedding Birthday Bag, Monogram Embroidery Beach Bag","https://m.media-amazon.com/images/I/61ZoZJobpOL._AC_UL320_.jpg","4.5","110","11.99","108"
"B07J5XXGVK","Cortex Lightweight 3-Piece Hardside Spinner Luggage Set, Black, One Size","https://m.media-amazon.com/images/I/61LD8f80Q5L._AC_UL320_.jpg","3.9","6","174.57","108"
"B07X829GKV","Disney's Mickey and Minnie Mouse and Friends-Goofy, Pluto and Donald Duck Large Reusable Tote Bag …","https://m.media-amazon.com/images/I/811dcoZE+IL._AC_UL320_.jpg","4.9","15","12.95","108"
"B09YTGK2H3","Minnie Mouse & Mickey Mouse Red Crescent Comestics Case - Premium PVC","https://m.media-amazon.com/images/I/71LPmD8iUwL._AC_UL320_.jpg","4.3","26","9.99","108"
"B0C6XSH7TN","Canvas Tote Bags Large Personalized Beach Bags,Reusable Grocery,Gifts for Women,Birthday,with Inner Pocket,Mandala","https://m.media-amazon.com/images/I/510lM23tYbL._AC_UL320_.jpg","4.5","20","14.97","108"
"B09RB1PSRV","Luggage Travel Cup Holder, Drink Caddy Bag Hold Two Coffee Mugs Fits Roll on All Suitcase Handles Portable Universal Traveler Accessory for Men Women Purple","https://m.media-amazon.com/images/I/717Gv8HMg0L._AC_UL320_.jpg","4.5","10","15.99","108"
"B0B9JX89Y9","MUZIRI KINOKOO Mini Link 2 Case Compatible for Fuji Instax Link 2 Photo Printer PU Leather Protective Cover in Blue","https://m.media-amazon.com/images/I/71mjJSf8tYL._AC_UL320_.jpg","4.4","57","15.8","108"
"B09YDQ3Z4L","Me Plus Women Summer Large Beach Tote Bag Top Zipper Closure Braided Rope Handles Inner Pocket","https://m.media-amazon.com/images/I/71mGSgu44dL._AC_UL320_.jpg","4.4","44","14.99","108"
"B0BJ32SCNH","Luggage Sets,Lightweight Hard Shell Suitcase Set with Spinner Wheels,Hardside Luggage 8-Piece Set with TSA Lock (GREY, 20/24/28 INCH)","https://m.media-amazon.com/images/I/61-N6l5uuKL._AC_UL320_.jpg","4.5","7","149.99","108"
"B00T5VQ7FM","WT-20D-GRY 20L Double Strap Tube Bag","https://m.media-amazon.com/images/I/61kfYBpudZL._AC_UL320_.jpg","4.8","5","29.99","108"
"B07DM82BXF","HG 24 Cap Carrier Luggage set of 2 with free New Era Socks- Black and Woodland Camo (Black/Woodland)","https://m.media-amazon.com/images/I/91abCQd1uAL._AC_UL320_.jpg","5.0","9","69.99","108"
"B07VB59XNJ","White Water Duffel - 100% Waterproof, Heavy Duty, Versatile, Comfortable - Durable Protective Dry Bag for Travel, Sport, Motorcycle, Boat, Fishing - 50, 75, or 100 L","https://m.media-amazon.com/images/I/81feeu0EIDL._AC_UL320_.jpg","4.5","557","109.99","108"
"B07KYWZJYZ","Castaway Designer Luggage - 4 Piece Softside Expandable Lightweight Spinner Suitcases- Travel Set includes Tote Bag, 20-Inch Carry on, 24 Inch and 28-Inch Suitcases (Royal Blue)","https://m.media-amazon.com/images/I/91qj9kEzqrL._AC_UL320_.jpg","4.0","23","309.99","108"
"B0BY1M4QTB","Beach Bag, Mesh Beach Bag Oversized Beach Tote Bag 9 Pockets","https://m.media-amazon.com/images/I/81QBUP+fQYL._AC_UL320_.jpg","4.8","30","12.99","108"
"B0046264CG","Vision Hardside Spinner Wheel Luggage, Pink, Multicolor, 3-Piece Set (20/24/28)","https://m.media-amazon.com/images/I/81FDjJXBfzL._AC_UL320_.jpg","4.4","277","183.1","108"
"B07VQ8LCW5","Shop LC Big Ben Theme Jute Tote Bag for Women Knitted Texture Zipper Closure Handle Drop Handbag","https://m.media-amazon.com/images/I/81AFn40RegL._AC_UL320_.jpg","3.5","36","27.99","108"
"B07VXRTTLG","Falkirk Hardside Expandable Spinner Luggage, Midnight Black, 3-Piece Set (20/24/28)","https://m.media-amazon.com/images/I/91XBm9qVbuL._AC_UL320_.jpg","4.3","48","129.0","108"
"B0C2Z71GGM","Mesh Beach Bag for Women Large Beach Tote Bag with 9 Pockets for Family Travel Vacation Essentials Toys Collection","https://m.media-amazon.com/images/I/91cPDTY8SoL._AC_UL320_.jpg","4.8","47","20.99","108"
"B007E8KER0","Wilton Decorate Smart Decorator Preferred Carry-All Tote Bag","https://m.media-amazon.com/images/I/71037Em4EwL._AC_UL320_.jpg","4.8","487","19.99","108"
"B097CGHDBH","Disney's Minnie Mouse Baby Large Reusable Tote Bag …","https://m.media-amazon.com/images/I/81mkNgqy2dS._AC_UL320_.jpg","5.0","6","9.99","108"
"B088K8PNYB","Womens A770000097 Floral Cactus Large Tote One Size Multi","https://m.media-amazon.com/images/I/71MNT9pXg6L._AC_UL320_.jpg","5.0","7","69.0","108"
"B07K76R6YH","Zinc Flyte Unisex Youth Fifi The Flamingo, Pink, 18-inch","https://m.media-amazon.com/images/I/41yLtIOMywL._AC_UL320_.jpg","4.1","106","81.77","108"
"B0764V25J8","Aby Bag Travel Tote","https://m.media-amazon.com/images/I/913rcBDFBIL._AC_UL320_.jpg","4.1","10","19.99","108"
"B01DC9J4XY","G-1000 Seat Pad Stool","https://m.media-amazon.com/images/I/71zJ4sUc2GL._AC_UL320_.jpg","4.4","188","38.61","108"
"B09T9YB958","Puffer Tote Bag","https://m.media-amazon.com/images/I/81PnWtiyrHL._AC_UL320_.jpg","4.4","10","130.0","108"
"B004I89CY0","6601-O-BLK Business Bugout Garment","https://m.media-amazon.com/images/I/51PMBL3r75L._AC_UL320_.jpg","3.6","11","56.12","108"
"B003I6ODTM","Polo Equipment Varsity Softside Upright Luggage Set, Black, 4-Piece (18/22/26/30)","https://m.media-amazon.com/images/I/8147KD4wKBL._AC_UL320_.jpg","4.3","572","133.61","108"
"B09K3LQTDX","Gold Crown for Women,Crystal Wedding Tiara for Women,Tiara and Crown for Women Birthday Headband,Queen Tiara Bridal Wedding Headpiece Women Hair Accessories,Hair Accessories for Party","https://m.media-amazon.com/images/I/81gTVt1FsWL._AC_UL320_.jpg","4.6","53","13.98","108"
"B004MHP9H6","Impulse 4-Piece Softside Upright Luggage Set,Telescoping Handles, Pucci, (14/19/24/28)","https://m.media-amazon.com/images/I/71gCp9ZlaaL._AC_UL320_.jpg","4.2","197","111.13","108"
"B0BGHLTTQ3","Designer Carry On Luggage Collection - Lightweight Pattern 22 Inch Duffel Bag- Weekender Overnight Business Travel Suitcase with 2- Rolling Spinner Wheels (FLORAL CREAM, 22in)","https://m.media-amazon.com/images/I/81lIW3vGMuL._AC_UL320_.jpg","4.3","101","59.99","108"
"B07RYVP1B5","Large Duffle Bag For Women - 22"" Duffle Bag For Gym Beach And Travel - Large Duffle Weekender Bag With Large Cosmetic Pouch (Turquoise flowers)","https://m.media-amazon.com/images/I/91ltk4+fmbL._AC_UL320_.jpg","4.8","125","31.99","108"
"B0C62K6G51","The Tote Bag for Women, Cute Small Tote Bag Trendy Shining Leather Top Handle Crossbody Handbags","https://m.media-amazon.com/images/I/61NbdA3AkaL._AC_UL320_.jpg","4.6","9","33.99","108"
"B07V2HDLFF","Unisex Kid's 50 PENS, Blue (Marine Navy), One Size","https://m.media-amazon.com/images/I/91l12pPIegL._AC_UL320_.jpg","4.8","50","41.21","108"
"B08XWH6HNP","Waterproof Large Beach Tote Bags for Women Sandproof Travel Pool Bags for Swim Gym Beach Daily Bags(Leaves)","https://m.media-amazon.com/images/I/918s2CgeyUL._AC_UL320_.jpg","4.0","7","17.99","108"
"B09ZQPL6SZ","Travel Duffle Bag 20 in Small Carry on Tote Overnight Bag Foldable and Lightweight-Black","https://m.media-amazon.com/images/I/61AhICg-EAL._AC_UL320_.jpg","4.5","340","12.95","108"
"B0BHW8RHFF","Happy Yorkie Purse Yorkie Gifts for Women Yorkie Tote Bag Dog Mom Canvas Bags Puppy Handbag with Zipper","https://m.media-amazon.com/images/I/71zFkxogwjL._AC_UL320_.jpg","4.8","6","22.88","108"
"B0886P11RK","Sonora - Waist Bag, 13 cm, 2.5 L","https://m.media-amazon.com/images/I/71gRkQIPezL._AC_UL320_.jpg","4.1","17","44.52","108"
"B01MT9YU1J","Ride-On Kids Suitcase | Tow-Along Toddler Luggage | Carry-On Cute Bag with Wheels | Airplane Travel Essentials: Pedro Pirate Black","https://m.media-amazon.com/images/I/81Pcq4Bjs5L._AC_UL320_.jpg","4.6","1247","93.35","108"
"B097Y73DGK","Survivor Weekender Bag Upcycled Canvas, Rug & Leather S-2644","https://m.media-amazon.com/images/I/61iHnBDyPaS._AC_UL320_.jpg","4.7","5","69.0","108"
"B0949H612V","Mesh Beach Tote Bag with Detachable Beach Cooler","https://m.media-amazon.com/images/I/61kblIz4tPS._AC_UL320_.jpg","4.3","125","27.99","108"
"B0B6P62YQM","Large Beach Bag with Zipper Closure and 6 Pockets, Water Resistant, Sandproof Beach Tote Bags","https://m.media-amazon.com/images/I/71yc2hX3UsL._AC_UL320_.jpg","4.7","78","26.99","108"
"B01IP6PBK4","Tapestry Large Travel Duffle Bag Ladies Overnight Weekender Carryon Gym Sports Duffel bags for Women with The Cray Design (BHOLD-CRAY)","https://m.media-amazon.com/images/I/71aCUzk8TkL._AC_UL320_.jpg","4.6","176","60.99","108"
"B097CL43RZ","Beach Day Mesh Tote Handbag by Outdoor Products","https://m.media-amazon.com/images/I/91RU5N5+f7L._AC_UL320_.jpg","4.9","11","14.99","108"
"B08D6WQGDW","Large Women Casual Shoulder Bag Handbag Shopping Grocery Canvas Bag","https://m.media-amazon.com/images/I/61QhWce5gdL._AC_UL320_.jpg","4.5","38","9.99","108"
"B07Z86HQXG","Large Beach Travel Canvas Tote Cute Shoulder Shopping Bag","https://m.media-amazon.com/images/I/61iOtaeg0vL._AC_UL320_.jpg","4.5","277","11.99","108"
"B07TMS14YW","Designer Carry-On Luggage with Spinner Wheels for Women, Expandable Softside 20 Inch Suitcase Lightweight Small Bag","https://m.media-amazon.com/images/I/71o3-I5bzPL._AC_UL320_.jpg","4.4","49","159.99","108"
"B015DC2WPA","Speciale Hardside 2-Piece Expandable Spinner Luggage Set, Silver, (20/28)","https://m.media-amazon.com/images/I/81G1j1eAjlL._AC_UL320_.jpg","4.0","35","116.32","108"
"B07583K4QC","Chest Bag 25x18.5cm, Red","https://m.media-amazon.com/images/I/71iYVCyJWpL._AC_UL320_.jpg","4.4","324","53.47","108"
"B00EOK8BJE","DELSEY Paris Deluxe Garment Hanging Travel Bag, Black, 45 Inch","https://m.media-amazon.com/images/I/A1YOB3UiYTL._AC_UL320_.jpg","4.3","32","109.0","108"
"B00VWL1258","40 Inch Hanging Garment Bag, Red Trim Zebra, One Size","https://m.media-amazon.com/images/I/81ZEUTAb76L._AC_UL320_.jpg","4.3","391","39.97","108"
"B09QNM4Q1G","Organic Cotton Heavy Duty Double Handle String Bag","https://m.media-amazon.com/images/I/813j3+icXEL._AC_UL320_.jpg","4.5","189","26.95","108"
"B09XLDDGGP","Summer Beach bags for Women Large Beach Tote Bag Pool Beach Towel Bags Daily Bags for Travel Gym","https://m.media-amazon.com/images/I/714o6RGmkdL._AC_UL320_.jpg","4.3","186","8.49","108"
"B008EJ9L1I","Luggage Set, Applegreen, Set of 3","https://m.media-amazon.com/images/I/61M3EirJ0WL._AC_UL320_.jpg","4.2","648","245.67","108"
"B07MV142ZX","Sapphire Upcycled Canvas Tote Bag S-1323","https://m.media-amazon.com/images/I/61wgMwTfejL._AC_UL320_.jpg","5.0","7","62.11","108"
"B08HN2MJBN","Unisex Kid's DUOBOX, Green (Fresh Denim Bl), One Size","https://m.media-amazon.com/images/I/91JMNRPucKL._AC_UL320_.jpg","4.3","15","30.36","108"
"B0CB12KZRQ","Initial Jute Tote Bag with Bag Purse Organizer Insert - Personalized Travel Tote Bag Friend Birthday Gifts for Women","https://m.media-amazon.com/images/I/81bx6DDi8ZL._AC_UL320_.jpg","4.3","11","16.99","108"
"B09M9PFVTD","Large Canvas Straw Beach bag Pool Bag Waterproof Beach Tote Bags for Women Travel Shoulder Handbag","https://m.media-amazon.com/images/I/71CexvunT5L._AC_UL320_.jpg","4.2","271","6.99","108"
"B078WHC6SW","Religious Gif Bags, My Anchor Hebrews 6:19 Bible Verse Recycled Nylon, 16 Inch","https://m.media-amazon.com/images/I/41oPseq0xjL._AC_UL320_.jpg","4.1","6","9.22","108"
"B07DNJ15V3","Navy Pinstriped Suit Garment Travel Bags 3 Pack With ID Tag Window - 40"" X 24""","https://m.media-amazon.com/images/I/717ywDbrVgL._AC_UL320_.jpg","4.2","43","19.49","108"
"B0BRNB5SXZ","Waterproof Beach Tote Pool Bag for Women Large Wet Compartment With Top Zipper for Beach Pool Travel Daily","https://m.media-amazon.com/images/I/81GHZT3PIwL._AC_UL320_.jpg","4.7","47","17.99","108"
"B004BFYG5K","Large Clear Tote Bag with Zipper Closure (Black)","https://m.media-amazon.com/images/I/71e3VT3spiL._AC_UL320_.jpg","4.4","512","8.99","108"
"B084RT3HLP","Soundbox Spinner Expandable","https://m.media-amazon.com/images/I/711SNiXWgXL._AC_UL320_.jpg","4.7","745","258.05","108"
"B09FGJT4S3","Extra Large Canvas Beach Bags for Women Shoulder Bag Beach Tote Bag with Cotton Rope Handles","https://m.media-amazon.com/images/I/71XbcD53wBL._AC_UL320_.jpg","4.8","16","11.99","108"
"B00BMPB8KI","20'' Carry-On Spinner Luggage OLIVE GREEN 20""","https://m.media-amazon.com/images/I/9139NHZNdtL._AC_UL320_.jpg","4.5","283","139.99","108"
"B09XVL8YCB","Oval Single Contrast Lime Pilot Pencil Bag, multicolor, Standart, Modern","https://m.media-amazon.com/images/I/81wray5nDxL._AC_UL320_.jpg","4.7","15946","34.53","108"
"B0912KPCHY","CV-Venture Zip Around Tote - Pawprint","https://m.media-amazon.com/images/I/61uyh6UnD-L._AC_UL320_.jpg","4.7","7","65.0","108"
"B0B5LTGJ9L","Lightweight Packable Ii Hip Pack","https://m.media-amazon.com/images/I/61TWw3zNKNL._AC_UL320_.jpg","4.4","13","30.0","108"
"B09DS89FMH","Beach Arrow Sign Hardside 3-Piece Spinner Luggage Set","https://m.media-amazon.com/images/I/91UT-D2RkHL._AC_UL320_.jpg","4.3","5","201.68","108"
"B0B45S7ZMG","Large Beach Tote Bag for Women, Beach Bag Lightweight Waterproof Pool Tote Bag With Zipper Wet Compartment for Travel","https://m.media-amazon.com/images/I/71Fkt3NnWDL._AC_UL320_.jpg","4.6","16","22.99","108"
"B07KR9KSJ7","Handbag, Pebble Grain Small Lexington Tote - Pale Pink","https://m.media-amazon.com/images/I/616rrHZaOmL._AC_UL320_.jpg","4.0","5","197.99","108"
"B07FLWYZSJ","Tapestry Duffle Bag Overnight Bags Weekend Bag for Women with Poppy Flower Design (TRAV-POP)","https://m.media-amazon.com/images/I/71P86oCxRAL._AC_UL320_.jpg","4.9","13","53.99","108"
"B08B3VBP8C","3 Pack Waterproof Kids Garment Bag, 35 inch Hanging Garment Bags with Pockets for Dance, Clear Garment Bags for Travel Storage, Small Dance Costume Garment Bag for Ballet, Theatre, Beauty Pageants","https://m.media-amazon.com/images/I/61It661Cr5L._AC_UL320_.jpg","4.4","38","28.99","108"
"B07X6WTKY6","Tranverz S - Sailor Red","https://m.media-amazon.com/images/I/41yblRQIKjL._AC_UL320_.jpg","4.7","254","154.8","108"
"B08D6WPST9","visesunny Black And Red Lumberjack Plaid Floral Water Resistant Large Tote Bag with Inner Pocket Shoulder Bag for Gym Beach Travel Daily Bags","https://m.media-amazon.com/images/I/61y8t2iXj6L._AC_UL320_.jpg","5.0","8","16.99","108"
"B006IY0WH8","Water Resistent Jumbo Red Canvas Beach Tote Bag Sea Starfish Design Zipper Closure 24 X 15 X 6""","https://m.media-amazon.com/images/I/618+CpGrGRL._AC_UL320_.jpg","4.3","43","19.99","108"
"B09GZ7Q46J","Ultimate Nursing Travel Bag","https://m.media-amazon.com/images/I/6161uuWJ86L._AC_UL320_.jpg","4.4","42","46.5","108"
"B0B2DBR7LR","2pcs Animal Bag Decorations and Tote Bag Gifts,Canvas Tote Bags Aesthetic for Women Men Girls Boys.","https://m.media-amazon.com/images/I/71vcdr3O+7L._AC_UL320_.jpg","4.8","34","18.99","108"
"B09RCJ9DDQ","Dress and Gown Garment Travel Bags - 54"" x 24"" -Women's, Hanging Window (Slate)","https://m.media-amazon.com/images/I/51+BvUImftL._AC_UL320_.jpg","4.2","9","12.34","108"
"B001CYF9V8","Heirloom Preservation Bag","https://m.media-amazon.com/images/I/71Pt3nHJPlL._AC_UL320_.jpg","3.7","12","40.0","108"
"B07DQRMJKP","Victors Upcycled Canvas Tote Bag S-1138","https://m.media-amazon.com/images/I/91guxmrBUqL._AC_UL320_.jpg","4.2","10","36.26","108"
"B004MHN7CA","Vision Hardside Spinner Wheel Luggage, Purple Pearl, 3-Piece Set (20/24/28)","https://m.media-amazon.com/images/I/81ivvmUQWlL._AC_UL320_.jpg","4.4","106","130.47","108"
"B004RCFCX2","Dritz Stain Blocker Garment Liners, White, 12","https://m.media-amazon.com/images/I/81xm6Hi-CRL._AC_UL320_.jpg","3.7","59","9.56","108"
"B083PP6WYF","X Travel Boarding Tote One_Size","https://m.media-amazon.com/images/I/81Ji1BDYmeL._AC_UL320_.jpg","4.4","46","170.0","108"
"B07WN8ZZ5N","Large Oversized Water Resistance Nylon Travel Tote Bag / Overnight Weekend Duffle Shoulder Bag with Trolley Strap Design - Navy","https://m.media-amazon.com/images/I/61RZrIFOMAL._AC_UL320_.jpg","4.2","25","39.95","108"
"B07BFLK7VX","Stripe Suitcase | Yellow | 36L | 100% Polycarbonate, TSA-Approved Lock, 360° Spinning Wheels","https://m.media-amazon.com/images/I/71+RECTo-wS._AC_UL320_.jpg","3.8","5","350.0","108"
"B07FYNTBPK","Natural Canvas Extra Large Makeup Zipper Bag I Am Tossed By The Waves But I Do Not Sink Because I'm Really A Mermaid","https://m.media-amazon.com/images/I/51hYvyJT5WL._AC_UL320_.jpg","4.3","8","21.0","108"
"B011N7LIPY","Star Wars Episode 7 The Force Awakens Large Tin Tote","https://m.media-amazon.com/images/I/71YbZ2QKQFL._AC_UL320_.jpg","4.6","64","18.99","108"
"B09VLHYKP2","18 Inch Kids Carry on Luggage Toddler Suitcase, Kids Luggage with Wheels for Boys, Kids Rolling Luggage Travel Suitcases for Boys (ROBOT)","https://m.media-amazon.com/images/I/61JYLgvljBL._AC_UL320_.jpg","4.9","30","79.99","108"
"B079L5SXQQ","KK's 14"" Inch Real Goat Vintage Leather GYM Bags Travel Luggage Bags","https://m.media-amazon.com/images/I/819aFojiAKL._AC_UL320_.jpg","3.9","22","54.99","108"
"B078KH188P","21” Inch Carry On Lightweight 4 Wheel Spinner Suitcase & 16” Under Seat Bag Set (Navy)","https://m.media-amazon.com/images/I/81v+hNWl9sL._AC_UL320_.jpg","4.2","95","99.99","108"
"B086D23TM5","Canvas Market Tote - Large Travel Bag with Outer Zipper Pocket and Adjustable Shoulder Strap (Previously Abbot Fjord) (Pewter)","https://m.media-amazon.com/images/I/81puj6H0DFL._AC_UL320_.jpg","4.4","134","19.99","108"
"B004BQIZLU","Garment Bags Lightweight Hanging Travel Sleeve, Black, One Size","https://m.media-amazon.com/images/I/81F86Tg14ML._AC_UL320_.jpg","4.1","33","71.99","108"
"B004554DT0","Rome Hybrid Spinner Wheel Luggage, Black, 3-Piece Set (20/24/28)","https://m.media-amazon.com/images/I/81vmKYB1H+L._AC_UL320_.jpg","4.3","189","177.75","108"
"B0C3LT58GZ","Ancakon women's tote bag,canvas tote bag black zipper,beach bag black crossbody tote bag, denim tote bag,small tote bag","https://m.media-amazon.com/images/I/61sQRHX3xNL._AC_UL320_.jpg","4.1","8","20.99","108"
"B0C7DXHLFN","KEHO Clear Kids Garment Bag (3 Pack) with 4 Pockets For Dance Competitions and Costumes (Purple)","https://m.media-amazon.com/images/I/61-OojJjUeL._AC_UL320_.jpg","4.2","132","27.99","108"
"B0BWSV9PMQ","Large Reusable Eco Shopper Beach Tote - Travel Shoulder Bag Pineapple, Flower, Skull, Leaf Straw, Leopard Canvas","https://m.media-amazon.com/images/I/61Qps5r4x7L._AC_UL320_.jpg","4.2","138","14.99","108"
"B092JP3T6M","Officially Licensed I Heart New York Canvas Reusable Tote Bag","https://m.media-amazon.com/images/I/81MxkhSt0GL._AC_UL320_.jpg","4.7","6","16.99","108"
"B0842N1N1D","Unisex Adult Cosmetics Bag","https://m.media-amazon.com/images/I/6189DdxdqTL._AC_UL320_.jpg","4.7","110","32.47","108"
"B0BKQJ1PY7","Check in Aluminum Luggage","https://m.media-amazon.com/images/I/71fOVIIqt0L._AC_UL320_.jpg","4.1","5","449.0","108"
"B074B3S7K8","21"" Aluminum Carry-On Hardside Luggage","https://m.media-amazon.com/images/I/31tG9mynURL._AC_UL320_.jpg","4.0","20","699.0","108"
"B0BYMMY44P","Tote Bags for Women Oversized PU Leather Crossbody Bags Top-Handle Shoulder Tote Bags","https://m.media-amazon.com/images/I/61Q16l-muDL._AC_UL320_.jpg","4.3","16","9.99","108"
"B0987K3LQT","Travel Bag with 32 L Volume","https://m.media-amazon.com/images/I/71G8qQrMIHL._AC_UL320_.jpg","4.8","28","120.61","108"
"B000UCGUG6","42 Inch Garment Bag, Tan, One Size","https://m.media-amazon.com/images/I/41XCjcTKjxL._AC_UL320_.jpg","4.8","22","204.51","108"
"B00455A7QI","Milan Hybrid Spinner Wheel Luggage Set, Brown, 3-Piece (20/24/28)","https://m.media-amazon.com/images/I/810yL6Y+Z+L._AC_UL320_.jpg","4.1","77","180.87","108"
"B0BDDM8BV7","Weekender Bag Carry On Bag Floral Print Travel Duffle Bag Medium Overnight Bag for Women and Girls (2-Floral)","https://m.media-amazon.com/images/I/91vvdyzr+UL._AC_UL320_.jpg","3.9","53","39.99","108"
"B09JL67192","Water Resistance Light Weight Tote Bag for Travel Teacher Carrying Handbag","https://m.media-amazon.com/images/I/91Pz+JNODtL._AC_UL320_.jpg","4.0","16","14.95","108"
"B08JD317LN","4 Piece Gym Duffel and Accessory Set","https://m.media-amazon.com/images/I/81TilhIHSJL._AC_UL320_.jpg","4.7","9","28.61","108"
"B003JZ1B42","Garment Bag, Saddle, One Size","https://m.media-amazon.com/images/I/61hT+cmZGdL._AC_UL320_.jpg","4.6","12","277.08","108"
"B07HYQF2SW","Berlin Emporium Upcycled Canvas & Cowhide Leather Weekender S-1278","https://m.media-amazon.com/images/I/61h14tjaHpL._AC_UL320_.jpg","3.8","14","64.58","108"
"B09WMSN62G","Felt Initial Tote Bag w Inner Pocket Personalized Gifts for Teacher Mother Beach Tote Bag for Wedding Party","https://m.media-amazon.com/images/I/810Dzv0bsiL._AC_UL320_.jpg","4.4","36","18.99","108"
"B0BG5D473T","Samsonite Move 4.0 Shoulder Bag with Compartment, Messenger Bags","https://m.media-amazon.com/images/I/61Xc2VhllHL._AC_UL320_.jpg","4.8","6","75.9","108"
"B0C2LGTL86","Large Mesh Beach Tote Bag with Multi Pockets - Ideal Travel and Swimming Pool Beach Shoulder Handbag","https://m.media-amazon.com/images/I/913GakEXeWL._AC_UL320_.jpg","4.3","11","12.95","108"
"B07MX67ML8","Alpha Continental Dual Access 4 Wheel Carry On Suitcase, Black, One Size","https://m.media-amazon.com/images/I/918-pcKWFyL._AC_UL320_.jpg","4.5","12","1050.0","108"
"B003EIRFI0","Skyhawk 22 Inch Expandable Airline Carry-On,Black,One Size","https://m.media-amazon.com/images/I/614+9lPdzgL._AC_UL320_.jpg","3.8","132","184.99","108"
"B002L0SJQO","22 Inch Wheeled Traveler, Saddle, One Size","https://m.media-amazon.com/images/I/61dGPQmp99L._AC_UL320_.jpg","3.6","21","400.3","108"
"B0BTJ4YRBG","Vodiver Premium Garment Bags for Travel Hanging Clothes Suit Bag for Suits, Coats, T-Shirts, Jackets. (Black, 40-inch)","https://m.media-amazon.com/images/I/71QGD6zesNL._AC_UL320_.jpg","4.1","41","9.94","108"
"B002E1U0AS","Executive Expandable Garment Bag, Saddle, One Size","https://m.media-amazon.com/images/I/71-IV9fZMpL._AC_UL320_.jpg","4.7","20","465.61","108"
"B082HQ6K2D","Time Concept Ultra Lightweight Quilted Shoulder Bag - Camo White, Approx. H13 x W16 x L12 - Single Strap Travel Tote","https://m.media-amazon.com/images/I/61QpIH6DM+L._AC_UL320_.jpg","3.9","7","29.9","108"
"B07KY8Q9GC","Leatherface S + Bolsa de viaje, 55 cm, 41 liters, Negro (Black)","https://m.media-amazon.com/images/I/71noth-R3HL._AC_UL320_.jpg","4.5","76","112.65","108"
"B000YE3WDO","Womens 365 Tote","https://m.media-amazon.com/images/I/81n983ZjR4L._AC_UL320_.jpg","4.8","60","31.95","108"
"B013KWXQ8W","Girls' Weekender Travel Tote Bag with Adjustable Strap and Interior Zipper Pocket - Bold Looks Collection","https://m.media-amazon.com/images/I/71-+eVcSPoL._AC_UL320_.jpg","4.5","30","29.75","108"
"B07RQMNGTT","Alpha Stretch Sleeve","https://m.media-amazon.com/images/I/51h4OV6VVuL._AC_UL320_.jpg","4.5","18","44.99","108"
"B089CT9CW6","Canvas Tote Shoulder Bag Purse Handbag For Women Zipper Closure With Pockets For Men Women","https://m.media-amazon.com/images/I/51QsDwyrwdL._AC_UL320_.jpg","4.6","26","22.99","108"
"B07H5J8S6F","Fantastic Beasts 2: The Crimes of Grindelwald - Newt in Suitcase Pop! Vinyl","https://m.media-amazon.com/images/I/41ryWNv+BOL._AC_UL320_.jpg","4.9","22","26.35","108"
"B07BG5WCSN","Expandable Softside Carry-On Luggage Suitcase With TSA Lock And Wheels - 24 Inch(Including height of wheel and handle), Blue","https://m.media-amazon.com/images/I/91SGCOdbctL._AC_UL320_.jpg","4.4","2418","83.05","108"
"B08L897P8T","Springer - Fanny Pack - Bag for Travel, or Work - Pink Escape","https://m.media-amazon.com/images/I/81IqzZZ0KdL._AC_UL320_.jpg","4.7","255","27.0","108"
"B07KYT49JY","Briefcase, Blue","https://m.media-amazon.com/images/I/81Lgki6rr+L._AC_UL320_.jpg","4.6","316","74.87","108"
"B01J94K6H4","Skip Hop Kids Luggage with Wheels, Zoo, Butterfly","https://m.media-amazon.com/images/I/91T+KHC7ZiL._AC_UL320_.jpg","4.8","2128","45.0","108"
"B004A9HFIW","Reaction 4-Piece Softside Upright Luggage Set, Black Icon, (14/19/24/28)","https://m.media-amazon.com/images/I/719BBcANbjL._AC_UL320_.jpg","4.3","88","107.83","108"
"B088D9ZNGS","Tropical Palm Leaves Jungle Beach Toy Bag Groceries Bag for Seaside, Shower Stall, Swiming Pool","https://m.media-amazon.com/images/I/61XBh+D-JTL._AC_UL320_.jpg","4.6","19","34.99","108"
"B002H7SN6W","42 Inch Garment Bag, Cafe, One Size ,Brown","https://m.media-amazon.com/images/I/71e0m9NRUOS._AC_UL320_.jpg","4.1","33","188.13","108"
"B0BP6KQLPK","Expandable Luggage Set ABS Material,Ligthweght Hardshell Suitcase Set with TSA Lock 360°Double Spinner Wheels ，Hardside Carry on,3piece Sets 20inch 24inch 28inch (Royalblue)","https://m.media-amazon.com/images/I/61sU6SdHhSL._AC_UL320_.jpg","4.4","37","169.99","108"